{
    "task_type": "RGS",
    "dataset": "analcatdata_negotiation",
    "refit": "full",
    "filter": "m6_p6",
    "time_limit": 3600,
    "best": -1.2130175587192118,
    "fixed_ens": {
        "ensemble_selection10": -1.2850946069714648,
        "cma_es": -1.204501019125485,
        "stacking-1_0.4_L1_linear": -1.4192781763431865,
        "stacking-1_0.4_L2_linear": -1.482719549270296,
        "stacking1000_0.4_L1_linear": -1.375271258369987,
        "stacking1000_0.4_L2_linear": -1.4313307530306163,
        "ensemble_selection25": -1.2706926337665834,
        "EnsOpt": -1.7691210451218797,
        "stacking1000_0.4_L1_weighted": -1.424368989709617,
        "stacking-1_0.4_L1_weighted": -1.418255101799444,
        "stacking1000_0.4_L2_weighted": -1.6293910547156405,
        "stacking-1_0.4_L2_weighted": -1.4956988739917558
    },
    "defopt_ens": {
        "s10_r40_d0": "-1.3331161143755463, -1.3350875684546437, -1.3373489302092598, -1.3304114966567244, -1.3329162626435418, -1.3373489302092598"
    },
    "opt_ens_d0-20": [
        "-1.5635032651636218",
        "-1.5630308148600853",
        "-1.5771523861639762",
        "-1.594578127828435",
        "-1.613777461298966",
        "-1.6586011169053159",
        "-1.6473913215206155",
        "-1.613939057550357",
        "-1.6456233918630676",
        "-1.6845315118689512",
        "-1.7040549041183397",
        "-1.782742508393522",
        "-1.8488492748718506",
        "-1.8193807108918125",
        "-1.7868210891812863",
        "-1.6126380766731643",
        "-1.532822293248739",
        "-1.3955187602823067",
        "-1.4097491770739863",
        "-1.451811359760122",
        "-1.7705263157894737",
        "-1.9466455513536507",
        "-1.4153260294835772",
        "-1.4554970760233916",
        "-1.603653762505437",
        "-1.4252123731059012",
        "-1.6421869528473614",
        "-1.9157068875893437",
        "-1.8715789473684208",
        "-1.7868210891812863"
    ],
    "size_exp": {
        "stacking5_-1_L1_linear": [
            "linear-L1: train--3.96709505e-01, train_2--3.96709505e-01, test--1.48662662e+00, test_2--1.48662662e+00, val--5.29678864e-01, val_2--5.29678864e-01"
        ],
        "stacking5_0_L1_linear": [
            "linear-L1: train--4.82437463e-01, train_2--4.82437463e-01, test--1.38786486e+00, test_2--1.38786486e+00, val--4.60276365e-01, val_2--4.60276365e-01"
        ],
        "stacking5_0.1_L1_linear": [
            "linear-L1: train--4.40371964e-01, train_2--4.40371964e-01, test--1.39735782e+00, test_2--1.39735782e+00, val--4.73875527e-01, val_2--4.73875527e-01"
        ],
        "stacking5_0.2_L1_linear": [
            "linear-L1: train--4.40331754e-01, train_2--4.40331754e-01, test--1.39377718e+00, test_2--1.39377718e+00, val--4.72605263e-01, val_2--4.72605263e-01"
        ],
        "stacking5_0.3_L1_linear": [
            "linear-L1: train--4.40331754e-01, train_2--4.40331754e-01, test--1.39377718e+00, test_2--1.39377718e+00, val--4.72605263e-01, val_2--4.72605263e-01"
        ],
        "stacking5_0.4_L1_linear": [
            "linear-L1: train--4.40331754e-01, train_2--4.40331754e-01, test--1.39377718e+00, test_2--1.39377718e+00, val--4.72605263e-01, val_2--4.72605263e-01"
        ],
        "stacking10_-1_L1_linear": [
            "linear-L1: train--4.50301513e-01, train_2--4.50301513e-01, test--1.55369743e+00, test_2--1.55369743e+00, val--7.47540533e-01, val_2--7.47540533e-01"
        ],
        "stacking10_0_L1_linear": [
            "linear-L1: train--4.60280289e-01, train_2--4.60280289e-01, test--1.41727522e+00, test_2--1.41727522e+00, val--4.86006877e-01, val_2--4.86006877e-01"
        ],
        "stacking10_0.1_L1_linear": [
            "linear-L1: train--4.34363713e-01, train_2--4.34363713e-01, test--1.40652678e+00, test_2--1.40652678e+00, val--4.58583024e-01, val_2--4.58583024e-01"
        ],
        "stacking10_0.2_L1_linear": [
            "linear-L1: train--4.20291818e-01, train_2--4.20291818e-01, test--1.42704090e+00, test_2--1.42704090e+00, val--4.85140111e-01, val_2--4.85140111e-01"
        ],
        "stacking10_0.3_L1_linear": [
            "linear-L1: train--4.20291818e-01, train_2--4.20291818e-01, test--1.42704090e+00, test_2--1.42704090e+00, val--4.85140111e-01, val_2--4.85140111e-01"
        ],
        "stacking10_0.4_L1_linear": [
            "linear-L1: train--4.20291818e-01, train_2--4.20291818e-01, test--1.42704090e+00, test_2--1.42704090e+00, val--4.85140111e-01, val_2--4.85140111e-01"
        ],
        "stacking20_-1_L1_linear": [
            "linear-L1: train--3.90895720e-01, train_2--3.90895720e-01, test--1.45918767e+00, test_2--1.45918767e+00, val--5.13742022e-01, val_2--5.13742022e-01"
        ],
        "stacking20_0_L1_linear": [
            "linear-L1: train--4.37071757e-01, train_2--4.37071757e-01, test--1.34019898e+00, test_2--1.34019898e+00, val--4.67319724e-01, val_2--4.67319724e-01"
        ],
        "stacking20_0.1_L1_linear": [
            "linear-L1: train--4.24422675e-01, train_2--4.24422675e-01, test--1.35886602e+00, test_2--1.35886602e+00, val--4.71387069e-01, val_2--4.71387069e-01"
        ],
        "stacking20_0.2_L1_linear": [
            "linear-L1: train--4.10428955e-01, train_2--4.10428955e-01, test--1.39223614e+00, test_2--1.39223614e+00, val--4.75935145e-01, val_2--4.75935145e-01"
        ],
        "stacking20_0.3_L1_linear": [
            "linear-L1: train--4.13138410e-01, train_2--4.13138410e-01, test--1.41179688e+00, test_2--1.41179688e+00, val--4.87254534e-01, val_2--4.87254534e-01"
        ],
        "stacking20_0.4_L1_linear": [
            "linear-L1: train--4.13138410e-01, train_2--4.13138410e-01, test--1.41179688e+00, test_2--1.41179688e+00, val--4.87254534e-01, val_2--4.87254534e-01"
        ],
        "stacking30_-1_L1_linear": [
            "linear-L1: train--3.64028703e-01, train_2--3.64028703e-01, test--1.45903252e+00, test_2--1.45903252e+00, val--5.52773433e-01, val_2--5.52773433e-01"
        ],
        "stacking30_0_L1_linear": [
            "linear-L1: train--4.25237490e-01, train_2--4.25237490e-01, test--1.39484934e+00, test_2--1.39484934e+00, val--5.27270081e-01, val_2--5.27270081e-01"
        ],
        "stacking30_0.1_L1_linear": [
            "linear-L1: train--4.09716267e-01, train_2--4.09716267e-01, test--1.39601659e+00, test_2--1.39601659e+00, val--4.75394095e-01, val_2--4.75394095e-01"
        ],
        "stacking30_0.2_L1_linear": [
            "linear-L1: train--4.06756085e-01, train_2--4.06756085e-01, test--1.40426100e+00, test_2--1.40426100e+00, val--4.79519748e-01, val_2--4.79519748e-01"
        ],
        "stacking30_0.3_L1_linear": [
            "linear-L1: train--4.06756085e-01, train_2--4.06756085e-01, test--1.40426100e+00, test_2--1.40426100e+00, val--4.79519748e-01, val_2--4.79519748e-01"
        ],
        "stacking30_0.4_L1_linear": [
            "linear-L1: train--4.06756085e-01, train_2--4.06756085e-01, test--1.40426100e+00, test_2--1.40426100e+00, val--4.79519748e-01, val_2--4.79519748e-01"
        ],
        "stacking40_-1_L1_linear": [
            "linear-L1: train--3.68737530e-01, train_2--3.68737530e-01, test--1.39165453e+00, test_2--1.39165453e+00, val--5.42266358e-01, val_2--5.42266358e-01"
        ],
        "stacking40_0_L1_linear": [
            "linear-L1: train--4.20607000e-01, train_2--4.20607000e-01, test--1.37377537e+00, test_2--1.37377537e+00, val--5.37805708e-01, val_2--5.37805708e-01"
        ],
        "stacking40_0.1_L1_linear": [
            "linear-L1: train--4.00288130e-01, train_2--4.00288130e-01, test--1.39601826e+00, test_2--1.39601826e+00, val--4.92461249e-01, val_2--4.92461249e-01"
        ],
        "stacking40_0.2_L1_linear": [
            "linear-L1: train--4.04442797e-01, train_2--4.04442797e-01, test--1.40945144e+00, test_2--1.40945144e+00, val--4.80554420e-01, val_2--4.80554420e-01"
        ],