{
    "task_type": "RGS",
    "dataset": "analcatdata_gsssexsurvey",
    "refit": "full",
    "filter": "m6_p6",
    "time_limit": 3600,
    "best": -0.457770007408554,
    "fixed_ens": {
        "ensemble_selection10": -0.44623106508527244,
        "cma_es": -0.5257213956767445,
        "stacking-1_0.4_L1_linear": -0.47332225362815816,
        "stacking-1_0.4_L2_linear": -0.5322817485323126,
        "stacking1000_0.4_L1_linear": -0.49943512898510123,
        "stacking1000_0.4_L2_linear": -0.5584591732954995,
        "ensemble_selection25": -0.45399019325630163,
        "EnsOpt": -0.5051623014566762,
        "stacking1000_0.4_L1_weighted": -0.47298969569382066,
        "stacking-1_0.4_L1_weighted": -0.4378392309567484,
        "stacking1000_0.4_L2_weighted": -0.5480487611819596,
        "stacking-1_0.4_L2_weighted": -0.5137555401131335
    },
    "defopt_ens": {
        "s10_r40_d0": "-0.4942859956750967, -0.4779198934165506, -0.4828710621153833, -0.5392032264704885, -0.47358467836496093, -0.4828710621153833"
    },
    "opt_ens_d0-20": [
        "-0.455426572703276",
        "-0.45545759242520123",
        "-0.45549188924706285",
        "-0.45553481037660304",
        "-0.4555871319790765",
        "-0.4556521002250401",
        "-0.45571028607316566",
        "-0.45578333818380107",
        "-0.4558777844492764",
        "-0.45600462651889584",
        "-0.4561839597504156",
        "-0.45645679720343507",
        "-0.4569217599071067",
        "-0.4569217599071067",
        "-0.4569217599071067",
        "-0.45499930832937563",
        "-0.45501912886281437",
        "-0.45498671036537996",
        "-0.45497160831406275",
        "-0.45495317322241996",
        "-0.4551386612072153",
        "-0.4551386612072153",
        "-0.4551386612072153",
        "-0.4551386612072153",
        "-0.4551386612072153",
        "-0.4551386612072153",
        "-0.4551386612072153",
        "-0.4569217599071067",
        "-0.4569217599071067",
        "-0.4569217599071067"
    ],
    "size_exp": {
        "stacking5_-1_L1_linear": [
            "linear-L1: train--5.41551377e-01, train_2--5.41551377e-01, test--5.13932900e-01, test_2--5.13932900e-01, val--6.19320449e-01, val_2--6.19320449e-01"
        ],
        "stacking5_0_L1_linear": [
            "linear-L1: train--6.11699529e-01, train_2--6.11699529e-01, test--5.60576191e-01, test_2--5.60576191e-01, val--6.04865053e-01, val_2--6.04865053e-01"
        ],
        "stacking5_0.1_L1_linear": [
            "linear-L1: train--5.72737596e-01, train_2--5.72737596e-01, test--5.76074880e-01, test_2--5.76074880e-01, val--5.76783554e-01, val_2--5.76783554e-01"
        ],
        "stacking5_0.2_L1_linear": [
            "linear-L1: train--4.63429328e-01, train_2--4.63429328e-01, test--4.77915195e-01, test_2--4.77915195e-01, val--5.31147179e-01, val_2--5.31147179e-01"
        ],
        "stacking5_0.3_L1_linear": [
            "linear-L1: train--4.63429328e-01, train_2--4.63429328e-01, test--4.77915195e-01, test_2--4.77915195e-01, val--5.31147179e-01, val_2--5.31147179e-01"
        ],
        "stacking5_0.4_L1_linear": [
            "linear-L1: train--4.63429328e-01, train_2--4.63429328e-01, test--4.77915195e-01, test_2--4.77915195e-01, val--5.31147179e-01, val_2--5.31147179e-01"
        ],
        "stacking10_-1_L1_linear": [
            "linear-L1: train--5.00675069e-01, train_2--5.00675069e-01, test--5.17574737e-01, test_2--5.17574737e-01, val--5.62379783e-01, val_2--5.62379783e-01"
        ],
        "stacking10_0_L1_linear": [
            "linear-L1: train--6.08953585e-01, train_2--6.08953585e-01, test--5.57340156e-01, test_2--5.57340156e-01, val--6.00610518e-01, val_2--6.00610518e-01"
        ],
        "stacking10_0.1_L1_linear": [
            "linear-L1: train--4.63429328e-01, train_2--4.63429328e-01, test--4.77915195e-01, test_2--4.77915195e-01, val--5.31147179e-01, val_2--5.31147179e-01"
        ],
        "stacking10_0.2_L1_linear": [
            "linear-L1: train--4.63429328e-01, train_2--4.63429328e-01, test--4.77915195e-01, test_2--4.77915195e-01, val--5.31147179e-01, val_2--5.31147179e-01"
        ],
        "stacking10_0.3_L1_linear": [
            "linear-L1: train--4.63429328e-01, train_2--4.63429328e-01, test--4.77915195e-01, test_2--4.77915195e-01, val--5.31147179e-01, val_2--5.31147179e-01"
        ],
        "stacking10_0.4_L1_linear": [
            "linear-L1: train--4.63429328e-01, train_2--4.63429328e-01, test--4.77915195e-01, test_2--4.77915195e-01, val--5.31147179e-01, val_2--5.31147179e-01"
        ],
        "stacking20_-1_L1_linear": [
            "linear-L1: train--5.00207693e-01, train_2--5.00207693e-01, test--4.81637810e-01, test_2--4.81637810e-01, val--5.69213018e-01, val_2--5.69213018e-01"
        ],
        "stacking20_0_L1_linear": [
            "linear-L1: train--6.08953585e-01, train_2--6.08953585e-01, test--5.57340156e-01, test_2--5.57340156e-01, val--6.00610518e-01, val_2--6.00610518e-01"
        ],
        "stacking20_0.1_L1_linear": [
            "linear-L1: train--4.63429328e-01, train_2--4.63429328e-01, test--4.77915195e-01, test_2--4.77915195e-01, val--5.31147179e-01, val_2--5.31147179e-01"
        ],
        "stacking20_0.2_L1_linear": [
            "linear-L1: train--4.63429328e-01, train_2--4.63429328e-01, test--4.77915195e-01, test_2--4.77915195e-01, val--5.31147179e-01, val_2--5.31147179e-01"
        ],
        "stacking20_0.3_L1_linear": [
            "linear-L1: train--4.63429328e-01, train_2--4.63429328e-01, test--4.77915195e-01, test_2--4.77915195e-01, val--5.31147179e-01, val_2--5.31147179e-01"
        ],
        "stacking20_0.4_L1_linear": [
            "linear-L1: train--4.63429328e-01, train_2--4.63429328e-01, test--4.77915195e-01, test_2--4.77915195e-01, val--5.31147179e-01, val_2--5.31147179e-01"
        ],
        "stacking30_-1_L1_linear": [
            "linear-L1: train--5.20626604e-01, train_2--5.20626604e-01, test--4.68901439e-01, test_2--4.68901439e-01, val--5.96735449e-01, val_2--5.96735449e-01"
        ],
        "stacking30_0_L1_linear": [
            "linear-L1: train--6.08953585e-01, train_2--6.08953585e-01, test--5.57340156e-01, test_2--5.57340156e-01, val--6.00610518e-01, val_2--6.00610518e-01"
        ],
        "stacking30_0.1_L1_linear": [
            "linear-L1: train--4.63429328e-01, train_2--4.63429328e-01, test--4.77915195e-01, test_2--4.77915195e-01, val--5.31147179e-01, val_2--5.31147179e-01"
        ],
        "stacking30_0.2_L1_linear": [
            "linear-L1: train--4.63429328e-01, train_2--4.63429328e-01, test--4.77915195e-01, test_2--4.77915195e-01, val--5.31147179e-01, val_2--5.31147179e-01"
        ],
        "stacking30_0.3_L1_linear": [
            "linear-L1: train--4.63429328e-01, train_2--4.63429328e-01, test--4.77915195e-01, test_2--4.77915195e-01, val--5.31147179e-01, val_2--5.31147179e-01"
        ],
        "stacking30_0.4_L1_linear": [
            "linear-L1: train--4.63429328e-01, train_2--4.63429328e-01, test--4.77915195e-01, test_2--4.77915195e-01, val--5.31147179e-01, val_2--5.31147179e-01"
        ],
        "stacking40_-1_L1_linear": [
            "linear-L1: train--4.93403701e-01, train_2--4.93403701e-01, test--4.83096423e-01, test_2--4.83096423e-01, val--5.70315259e-01, val_2--5.70315259e-01"
        ],
        "stacking40_0_L1_linear": [
            "linear-L1: train--6.08953585e-01, train_2--6.08953585e-01, test--5.57340156e-01, test_2--5.57340156e-01, val--6.00610518e-01, val_2--6.00610518e-01"
        ],
        "stacking40_0.1_L1_linear": [
            "linear-L1: train--4.63429328e-01, train_2--4.63429328e-01, test--4.77915195e-01, test_2--4.77915195e-01, val--5.31147179e-01, val_2--5.31147179e-01"
        ],
        "stacking40_0.2_L1_linear": [
            "linear-L1: train--4.63429328e-01, train_2--4.63429328e-01, test--4.77915195e-01, test_2--4.77915195e-01, val--5.31147179e-01, val_2--5.31147179e-01"
        ],