{
    "task_type": "RGS",
    "dataset": "black_friday",
    "refit": "full",
    "filter": "m6_p6",
    "time_limit": 3600,
    "best": -11918316.37858896,
    "fixed_ens": {
        "ensemble_selection10": -11838937.304783484,
        "cma_es": -11830577.919410674,
        "stacking-1_0.4_L1_linear": -11897731.949305499,
        "stacking-1_0.4_L2_linear": -11900426.540892072,
        "stacking1000_0.4_L1_linear": -12290712.557017665,
        "stacking1000_0.4_L2_linear": -12351672.420787005,
        "ensemble_selection25": -11832505.982027844,
        "stacking1000_0.4_L1_weighted": -11816716.659347331,
        "stacking-1_0.4_L1_weighted": -11894623.919264145,
        "stacking1000_0.4_L2_weighted": -11981399.045074949,
        "stacking-1_0.4_L2_weighted": -11895637.0024588
    },
    "defopt_ens": {
        "s10_r40_d0": "-11813375.488616327, -11812109.99236119, -11816727.081964562, -11822915.187060893, -11831677.608036704, -11816727.081964562"
    },
    "opt_ens_d0-20": [
        "-11805800.636399195",
        "-11801598.691770155",
        "-11801338.87569882",
        "-11802549.670157265",
        "-11800941.800486876",
        "-11799482.066239787",
        "-11795465.899617013",
        "-11788774.479690146",
        "-11783510.596764635",
        "-11894623.919264145",
        "-11822915.187060893",
        "-11831677.608036704",
        "-11816146.23952072",
        "-11814405.769329855",
        "-11816727.081964562",
        "-11817343.290050685",
        "-11819857.47520566",
        "-11783510.596764635"
    ],
    "size_exp": {}
}