{
    "task_type": "RGS",
    "dataset": "carprice",
    "refit": "full",
    "filter": "m6_p6",
    "time_limit": 3600,
    "best": -7489495.154208536,
    "fixed_ens": {
        "ensemble_selection10": -6488820.963473953,
        "cma_es": -6664805.876983966,
        "stacking-1_0.4_L1_linear": -4799721.601421167,
        "stacking-1_0.4_L2_linear": -4630853.960451866,
        "stacking1000_0.4_L1_linear": -6293845.696363581,
        "stacking1000_0.4_L2_linear": -5350713.656842221,
        "ensemble_selection25": -6200343.438375538,
        "EnsOpt": -6188066.001418214,
        "stacking1000_0.4_L1_weighted": -5260659.695547773,
        "stacking-1_0.4_L1_weighted": -4847234.181622111,
        "stacking1000_0.4_L2_weighted": -5146899.912643846,
        "stacking-1_0.4_L2_weighted": -4624672.615981213
    },
    "defopt_ens": {
        "s10_r40_d0": "-5304776.704268092, -5338806.542980533, -5456876.307452397, -5244707.151010489, -5244707.151010489, -5456876.307452397"
    },
    "opt_ens_d0-20": [
        "-5060511.9095666325",
        "-5059651.276631933",
        "-5089419.037324818",
        "-5093169.767795174",
        "-5129106.142731463",
        "-5084009.798022494",
        "-5060097.073073814",
        "-5033334.2232032195",
        "-5019895.6299902415",
        "-4969769.607433543",
        "-4945774.700163886",
        "-4993848.501784529",
        "-5023744.93533471",
        "-5094165.141574935",
        "-5490938.818917681",
        "-5155508.313665579",
        "-5113862.099206763",
        "-5153626.827790646",
        "-4795617.943857737",
        "-5699065.221952832",
        "-5399322.12464892",
        "-5399322.12464892",
        "-5246761.82372917",
        "-5492677.793093379",
        "-5230566.568028265",
        "-4924588.823419106",
        "-4978274.610711481",
        "-5028628.104795005",
        "-5048352.228850332",
        "-5490938.818917681"
    ],
    "size_exp": {
        "stacking5_-1_L1_linear": [
            "linear-L1: train--4.70152774e+06, train_2--4.70152774e+06, test--5.26404403e+06, test_2--5.26404403e+06, val--6.84242599e+06, val_2--6.84242599e+06"
        ],
        "stacking5_0_L1_linear": [
            "linear-L1: train--8.72069455e+06, train_2--8.72069455e+06, test--9.14730481e+06, test_2--9.14730481e+06, val--4.69318693e+06, val_2--4.69318693e+06"
        ],
        "stacking5_0.1_L1_linear": [
            "linear-L1: train--6.54419326e+06, train_2--6.54419326e+06, test--5.97910400e+06, test_2--5.97910400e+06, val--4.00093736e+06, val_2--4.00093736e+06"
        ],
        "stacking5_0.2_L1_linear": [
            "linear-L1: train--6.54419326e+06, train_2--6.54419326e+06, test--5.97910400e+06, test_2--5.97910400e+06, val--4.00093736e+06, val_2--4.00093736e+06"
        ],
        "stacking5_0.3_L1_linear": [
            "linear-L1: train--6.54419326e+06, train_2--6.54419326e+06, test--5.97910400e+06, test_2--5.97910400e+06, val--4.00093736e+06, val_2--4.00093736e+06"
        ],
        "stacking5_0.4_L1_linear": [
            "linear-L1: train--6.37743479e+06, train_2--6.37743479e+06, test--5.93080224e+06, test_2--5.93080224e+06, val--3.82548635e+06, val_2--3.82548635e+06"
        ],
        "stacking10_-1_L1_linear": [
            "linear-L1: train--4.33538479e+06, train_2--4.33538479e+06, test--4.96417751e+06, test_2--4.96417751e+06, val--6.53014419e+06, val_2--6.53014419e+06"
        ],
        "stacking10_0_L1_linear": [
            "linear-L1: train--8.53966935e+06, train_2--8.53966935e+06, test--8.97573945e+06, test_2--8.97573945e+06, val--4.81619699e+06, val_2--4.81619699e+06"
        ],
        "stacking10_0.1_L1_linear": [
            "linear-L1: train--6.13394845e+06, train_2--6.13394845e+06, test--5.65877430e+06, test_2--5.65877430e+06, val--3.59041763e+06, val_2--3.59041763e+06"
        ],
        "stacking10_0.2_L1_linear": [
            "linear-L1: train--5.32954393e+06, train_2--5.32954393e+06, test--5.15995868e+06, test_2--5.15995868e+06, val--4.24265063e+06, val_2--4.24265063e+06"
        ],
        "stacking10_0.3_L1_linear": [
            "linear-L1: train--5.90776900e+06, train_2--5.90776900e+06, test--5.78040420e+06, test_2--5.78040420e+06, val--3.58722154e+06, val_2--3.58722154e+06"
        ],
        "stacking10_0.4_L1_linear": [
            "linear-L1: train--6.13872624e+06, train_2--6.13872624e+06, test--5.65542935e+06, test_2--5.65542935e+06, val--3.60128053e+06, val_2--3.60128053e+06"
        ],
        "stacking20_-1_L1_linear": [
            "linear-L1: train--3.98558429e+06, train_2--3.98558429e+06, test--4.98781817e+06, test_2--4.98781817e+06, val--6.11720747e+06, val_2--6.11720747e+06"
        ],
        "stacking20_0_L1_linear": [
            "linear-L1: train--8.53966935e+06, train_2--8.53966935e+06, test--8.97573945e+06, test_2--8.97573945e+06, val--4.81619699e+06, val_2--4.81619699e+06"
        ],
        "stacking20_0.1_L1_linear": [
            "linear-L1: train--6.11540838e+06, train_2--6.11540838e+06, test--5.64334024e+06, test_2--5.64334024e+06, val--3.61628135e+06, val_2--3.61628135e+06"
        ],
        "stacking20_0.2_L1_linear": [
            "linear-L1: train--5.32184760e+06, train_2--5.32184760e+06, test--5.12432998e+06, test_2--5.12432998e+06, val--4.27820872e+06, val_2--4.27820872e+06"
        ],
        "stacking20_0.3_L1_linear": [
            "linear-L1: train--5.32184760e+06, train_2--5.32184760e+06, test--5.12432998e+06, test_2--5.12432998e+06, val--4.27820872e+06, val_2--4.27820872e+06"
        ],
        "stacking20_0.4_L1_linear": [
            "linear-L1: train--5.32184760e+06, train_2--5.32184760e+06, test--5.12432998e+06, test_2--5.12432998e+06, val--4.27820872e+06, val_2--4.27820872e+06"
        ],
        "stacking30_-1_L1_linear": [
            "linear-L1: train--3.46478296e+06, train_2--3.46478296e+06, test--5.64605320e+06, test_2--5.64605320e+06, val--6.24887821e+06, val_2--6.24887821e+06"
        ],
        "stacking30_0_L1_linear": [
            "linear-L1: train--7.75660570e+06, train_2--7.75660570e+06, test--7.89117338e+06, test_2--7.89117338e+06, val--3.84873544e+06, val_2--3.84873544e+06"
        ],
        "stacking30_0.1_L1_linear": [
            "linear-L1: train--5.32317025e+06, train_2--5.32317025e+06, test--5.02331471e+06, test_2--5.02331471e+06, val--4.46925746e+06, val_2--4.46925746e+06"
        ],
        "stacking30_0.2_L1_linear": [
            "linear-L1: train--5.16931280e+06, train_2--5.16931280e+06, test--5.21152997e+06, test_2--5.21152997e+06, val--4.39555115e+06, val_2--4.39555115e+06"
        ],
        "stacking30_0.3_L1_linear": [
            "linear-L1: train--5.16959134e+06, train_2--5.16959134e+06, test--5.22033792e+06, test_2--5.22033792e+06, val--4.38770173e+06, val_2--4.38770173e+06"
        ],
        "stacking30_0.4_L1_linear": [
            "linear-L1: train--4.70155239e+06, train_2--4.70155239e+06, test--5.41800152e+06, test_2--5.41800152e+06, val--4.46496880e+06, val_2--4.46496880e+06"
        ],
        "stacking40_-1_L1_linear": [
            "linear-L1: train--3.77229733e+06, train_2--3.77229733e+06, test--5.32874226e+06, test_2--5.32874226e+06, val--6.29650558e+06, val_2--6.29650558e+06"
        ],
        "stacking40_0_L1_linear": [
            "linear-L1: train--7.75660570e+06, train_2--7.75660570e+06, test--7.89117338e+06, test_2--7.89117338e+06, val--3.84873544e+06, val_2--3.84873544e+06"
        ],
        "stacking40_0.1_L1_linear": [
            "linear-L1: train--5.30356527e+06, train_2--5.30356527e+06, test--5.10918892e+06, test_2--5.10918892e+06, val--4.33423013e+06, val_2--4.33423013e+06"
        ],
        "stacking40_0.2_L1_linear": [
            "linear-L1: train--4.70155239e+06, train_2--4.70155239e+06, test--5.41800152e+06, test_2--5.41800152e+06, val--4.46496880e+06, val_2--4.46496880e+06"
        ],