{
    "task_type": "RGS",
    "dataset": "cloud",
    "refit": "full",
    "filter": "m6_p6",
    "time_limit": 3600,
    "best": -0.0893187270172311,
    "fixed_ens": {
        "ensemble_selection10": -0.08175390665009737,
        "cma_es": -0.09160167590000666,
        "OptDivBO": -0.15273285123460126,
        "stacking-1_0.4_L1_linear": -0.12098473052593746,
        "stacking-1_0.4_L2_linear": -0.10333739024177428,
        "stacking1000_0.4_L1_linear": -0.09465256103894125,
        "stacking1000_0.4_L2_linear": -0.23014905014118217,
        "ensemble_selection25": -0.08491571911241258,
        "EnsOpt": -0.06753375323501702,
        "stacking1000_0.4_L1_weighted": -0.07656165077942934,
        "stacking-1_0.4_L1_weighted": -0.12028985809307469,
        "stacking1000_0.4_L2_weighted": -0.07377285520647722,
        "stacking-1_0.4_L2_weighted": -0.10089956650101356
    },
    "defopt_ens": {
        "s10_r40_d0": "-0.08119943152077616, -0.07967422839859767, -0.0796981968327999, -0.08480671684004468, -0.07972495607595603, -0.0796981968327999"
    },
    "opt_ens_d0-20": [
        "-0.07747483348787218",
        "-0.07762334163406674",
        "-0.0774694071878227",
        "-0.0773093234354587",
        "-0.07714721686090172",
        "-0.07666844695132959",
        "-0.07726809328878988",
        "-0.07731655142276886",
        "-0.07821700604369229",
        "-0.07973575076279693",
        "-0.08055735377891328",
        "-0.08036735015402509",
        "-0.08056538426679699",
        "-0.08680217656237667",
        "-0.08684695096363163",
        "-0.07985367902410995",
        "-0.08102895274952525",
        "-0.08102895274952525",
        "-0.08102895274952525",
        "-0.09768421641454096",
        "-0.07434636432358159",
        "-0.07924134571673722",
        "-0.07343071719372522",
        "-0.08684675899937852",
        "-0.08206773547789596",
        "-0.08322354977150191",
        "-0.08621670639214332",
        "-0.07118744429363567",
        "-0.09113077540127401",
        "-0.08684695096363163"
    ],
    "size_exp": {
        "stacking5_-1_L1_linear": [
            "linear-L1: train--2.44690780e-01, train_2--2.44690780e-01, test--9.91052963e-02, test_2--9.91052963e-02, val--1.10351746e-01, val_2--1.10351746e-01"
        ],
        "stacking5_0_L1_linear": [
            "linear-L1: train--2.51657857e-01, train_2--2.51657857e-01, test--8.64654325e-02, test_2--8.64654325e-02, val--1.06814444e-01, val_2--1.06814444e-01"
        ],
        "stacking5_0.1_L1_linear": [
            "linear-L1: train--2.32773466e-01, train_2--2.32773466e-01, test--7.34202506e-02, test_2--7.34202506e-02, val--7.52745919e-02, val_2--7.52745919e-02"
        ],
        "stacking5_0.2_L1_linear": [
            "linear-L1: train--2.48643849e-01, train_2--2.48643849e-01, test--9.08421611e-02, test_2--9.08421611e-02, val--6.42388075e-02, val_2--6.42388075e-02"
        ],
        "stacking5_0.3_L1_linear": [
            "linear-L1: train--2.48643849e-01, train_2--2.48643849e-01, test--9.08421611e-02, test_2--9.08421611e-02, val--6.42388075e-02, val_2--6.42388075e-02"
        ],
        "stacking5_0.4_L1_linear": [
            "linear-L1: train--2.04269812e-01, train_2--2.04269812e-01, test--9.38529438e-02, test_2--9.38529438e-02, val--8.77539944e-02, val_2--8.77539944e-02"
        ],
        "stacking10_-1_L1_linear": [
            "linear-L1: train--2.14537528e-01, train_2--2.14537528e-01, test--1.10957019e-01, test_2--1.10957019e-01, val--1.71293276e-01, val_2--1.71293276e-01"
        ],
        "stacking10_0_L1_linear": [
            "linear-L1: train--2.42397673e-01, train_2--2.42397673e-01, test--9.09261729e-02, test_2--9.09261729e-02, val--1.08168486e-01, val_2--1.08168486e-01"
        ],
        "stacking10_0.1_L1_linear": [
            "linear-L1: train--1.89370027e-01, train_2--1.89370027e-01, test--8.27231843e-02, test_2--8.27231843e-02, val--7.26326195e-02, val_2--7.26326195e-02"
        ],
        "stacking10_0.2_L1_linear": [
            "linear-L1: train--1.89370027e-01, train_2--1.89370027e-01, test--8.27231843e-02, test_2--8.27231843e-02, val--7.26326195e-02, val_2--7.26326195e-02"
        ],
        "stacking10_0.3_L1_linear": [
            "linear-L1: train--1.89370027e-01, train_2--1.89370027e-01, test--8.27231843e-02, test_2--8.27231843e-02, val--7.26326195e-02, val_2--7.26326195e-02"
        ],
        "stacking10_0.4_L1_linear": [
            "linear-L1: train--1.98794992e-01, train_2--1.98794992e-01, test--8.26239443e-02, test_2--8.26239443e-02, val--9.53294777e-02, val_2--9.53294777e-02"
        ],
        "stacking20_-1_L1_linear": [
            "linear-L1: train--2.21210560e-01, train_2--2.21210560e-01, test--8.99903689e-02, test_2--8.99903689e-02, val--1.15772730e-01, val_2--1.15772730e-01"
        ],
        "stacking20_0_L1_linear": [
            "linear-L1: train--2.41474333e-01, train_2--2.41474333e-01, test--9.00792301e-02, test_2--9.00792301e-02, val--1.08238838e-01, val_2--1.08238838e-01"
        ],
        "stacking20_0.1_L1_linear": [
            "linear-L1: train--1.84793198e-01, train_2--1.84793198e-01, test--8.32178463e-02, test_2--8.32178463e-02, val--7.84038241e-02, val_2--7.84038241e-02"
        ],
        "stacking20_0.2_L1_linear": [
            "linear-L1: train--1.84783479e-01, train_2--1.84783479e-01, test--8.30884232e-02, test_2--8.30884232e-02, val--7.86148717e-02, val_2--7.86148717e-02"
        ],
        "stacking20_0.3_L1_linear": [
            "linear-L1: train--1.84783479e-01, train_2--1.84783479e-01, test--8.30884232e-02, test_2--8.30884232e-02, val--7.86148717e-02, val_2--7.86148717e-02"
        ],
        "stacking20_0.4_L1_linear": [
            "linear-L1: train--1.90087542e-01, train_2--1.90087542e-01, test--8.59823746e-02, test_2--8.59823746e-02, val--1.01747916e-01, val_2--1.01747916e-01"
        ],
        "stacking30_-1_L1_linear": [
            "linear-L1: train--1.72784811e-01, train_2--1.72784811e-01, test--1.00186594e-01, test_2--1.00186594e-01, val--1.14045208e-01, val_2--1.14045208e-01"
        ],
        "stacking30_0_L1_linear": [
            "linear-L1: train--2.00739658e-01, train_2--2.00739658e-01, test--1.00667540e-01, test_2--1.00667540e-01, val--1.12921042e-01, val_2--1.12921042e-01"
        ],
        "stacking30_0.1_L1_linear": [
            "linear-L1: train--1.84793198e-01, train_2--1.84793198e-01, test--8.32178463e-02, test_2--8.32178463e-02, val--7.84038241e-02, val_2--7.84038241e-02"
        ],
        "stacking30_0.2_L1_linear": [
            "linear-L1: train--1.81096512e-01, train_2--1.81096512e-01, test--8.66479215e-02, test_2--8.66479215e-02, val--7.92200379e-02, val_2--7.92200379e-02"
        ],
        "stacking30_0.3_L1_linear": [
            "linear-L1: train--1.81096512e-01, train_2--1.81096512e-01, test--8.66479215e-02, test_2--8.66479215e-02, val--7.92200379e-02, val_2--7.92200379e-02"
        ],
        "stacking30_0.4_L1_linear": [
            "linear-L1: train--1.81096512e-01, train_2--1.81096512e-01, test--8.66479215e-02, test_2--8.66479215e-02, val--7.92200379e-02, val_2--7.92200379e-02"
        ],
        "stacking40_-1_L1_linear": [
            "linear-L1: train--1.31524142e-01, train_2--1.31524142e-01, test--1.04377427e-01, test_2--1.04377427e-01, val--1.21708879e-01, val_2--1.21708879e-01"
        ],
        "stacking40_0_L1_linear": [
            "linear-L1: train--1.61314995e-01, train_2--1.61314995e-01, test--1.06228129e-01, test_2--1.06228129e-01, val--1.23643726e-01, val_2--1.23643726e-01"
        ],
        "stacking40_0.1_L1_linear": [
            "linear-L1: train--1.84793198e-01, train_2--1.84793198e-01, test--8.32178463e-02, test_2--8.32178463e-02, val--7.84038241e-02, val_2--7.84038241e-02"
        ],
        "stacking40_0.2_L1_linear": [
            "linear-L1: train--1.81096512e-01, train_2--1.81096512e-01, test--8.66479215e-02, test_2--8.66479215e-02, val--7.92200379e-02, val_2--7.92200379e-02"
        ],