{
    "task_type": "RGS",
    "dataset": "cpu_small",
    "refit": "full",
    "filter": "m6_p6",
    "time_limit": 3600,
    "best": -8.381237515237762,
    "fixed_ens": {
        "ensemble_selection10": -7.402355091934816,
        "cma_es": -7.80986657870602,
        "stacking-1_0.4_L1_linear": -7.034277114657233,
        "stacking-1_0.4_L2_linear": -6.209089582992315,
        "stacking1000_0.4_L1_linear": -7.209381130602113,
        "stacking1000_0.4_L2_linear": -6.88669139675006,
        "ensemble_selection25": -7.686766088494139,
        "EnsOpt": -8.623889412321896,
        "stacking1000_0.4_L1_weighted": -7.706643012334872,
        "stacking-1_0.4_L1_weighted": -7.08327820092422,
        "stacking1000_0.4_L2_weighted": -6.1522119586236,
        "stacking-1_0.4_L2_weighted": -6.206842895297879
    },
    "defopt_ens": {
        "s10_r40_d0": "-7.907198481870229, -7.776006669848762, -7.796254932982527, -8.240934927996747, -7.762416352338184, -7.796254932982527"
    },
    "opt_ens_d0-20": [
        "-7.491512184070099",
        "-7.469569419644757",
        "-7.437089318542552",
        "-7.4007638206029664",
        "-7.368799735163255",
        "-7.320695696860358",
        "-7.2741268266393195",
        "-7.205164963375528",
        "-7.132023097953181",
        "-7.030568300060133",
        "-6.908012500996504",
        "-6.7305889918735256",
        "-6.476238833934389",
        "-6.488389964712242",
        "-6.5075416635157515",
        "-7.831375050349284",
        "-7.931841404444098",
        "-7.921328367041848",
        "-7.791945603797716",
        "-7.913901005039289",
        "-7.800941064588896",
        "-7.915370969873682",
        "-7.817129997134174",
        "-7.889407826909749",
        "-7.8355037355817325",
        "-7.799730382141041",
        "-7.795538649872576",
        "-6.45782764107382",
        "-6.46979862428929",
        "-6.5075416635157515"
    ],
    "size_exp": {
        "stacking5_-1_L1_linear": [
            "linear-L1: train--7.87743533e+00, train_2--7.87743533e+00, test--7.26858723e+00, test_2--7.26858723e+00, val--7.25369940e+00, val_2--7.25369940e+00"
        ],
        "stacking5_0_L1_linear": [
            "linear-L1: train--6.93580936e+00, train_2--6.93580936e+00, test--8.67643772e+00, test_2--8.67643772e+00, val--6.89433196e+00, val_2--6.89433196e+00"
        ],
        "stacking5_0.1_L1_linear": [
            "linear-L1: train--6.93047203e+00, train_2--6.93047203e+00, test--8.98407812e+00, test_2--8.98407812e+00, val--6.85702959e+00, val_2--6.85702959e+00"
        ],
        "stacking5_0.2_L1_linear": [
            "linear-L1: train--6.98129391e+00, train_2--6.98129391e+00, test--8.75405416e+00, test_2--8.75405416e+00, val--6.80943232e+00, val_2--6.80943232e+00"
        ],
        "stacking5_0.3_L1_linear": [
            "linear-L1: train--6.98129391e+00, train_2--6.98129391e+00, test--8.75405416e+00, test_2--8.75405416e+00, val--6.80943232e+00, val_2--6.80943232e+00"
        ],
        "stacking5_0.4_L1_linear": [
            "linear-L1: train--6.98129391e+00, train_2--6.98129391e+00, test--8.75405416e+00, test_2--8.75405416e+00, val--6.80943232e+00, val_2--6.80943232e+00"
        ],
        "stacking10_-1_L1_linear": [
            "linear-L1: train--7.05175543e+00, train_2--7.05175543e+00, test--8.60016750e+00, test_2--8.60016750e+00, val--6.95638198e+00, val_2--6.95638198e+00"
        ],
        "stacking10_0_L1_linear": [
            "linear-L1: train--6.89889762e+00, train_2--6.89889762e+00, test--8.75565342e+00, test_2--8.75565342e+00, val--6.87638857e+00, val_2--6.87638857e+00"
        ],
        "stacking10_0.1_L1_linear": [
            "linear-L1: train--6.82711332e+00, train_2--6.82711332e+00, test--8.82317233e+00, test_2--8.82317233e+00, val--6.74601037e+00, val_2--6.74601037e+00"
        ],
        "stacking10_0.2_L1_linear": [
            "linear-L1: train--6.83807866e+00, train_2--6.83807866e+00, test--8.83919712e+00, test_2--8.83919712e+00, val--6.74386079e+00, val_2--6.74386079e+00"
        ],
        "stacking10_0.3_L1_linear": [
            "linear-L1: train--6.82742697e+00, train_2--6.82742697e+00, test--8.47082049e+00, test_2--8.47082049e+00, val--6.73245645e+00, val_2--6.73245645e+00"
        ],
        "stacking10_0.4_L1_linear": [
            "linear-L1: train--6.83211597e+00, train_2--6.83211597e+00, test--8.46114424e+00, test_2--8.46114424e+00, val--6.73397356e+00, val_2--6.73397356e+00"
        ],
        "stacking20_-1_L1_linear": [
            "linear-L1: train--6.95171167e+00, train_2--6.95171167e+00, test--8.35774938e+00, test_2--8.35774938e+00, val--6.89735703e+00, val_2--6.89735703e+00"
        ],
        "stacking20_0_L1_linear": [
            "linear-L1: train--6.84551365e+00, train_2--6.84551365e+00, test--8.95660011e+00, test_2--8.95660011e+00, val--6.80855830e+00, val_2--6.80855830e+00"
        ],
        "stacking20_0.1_L1_linear": [
            "linear-L1: train--6.76342001e+00, train_2--6.76342001e+00, test--8.51667620e+00, test_2--8.51667620e+00, val--6.71421881e+00, val_2--6.71421881e+00"
        ],
        "stacking20_0.2_L1_linear": [
            "linear-L1: train--6.77205656e+00, train_2--6.77205656e+00, test--8.53088517e+00, test_2--8.53088517e+00, val--6.70637871e+00, val_2--6.70637871e+00"
        ],
        "stacking20_0.3_L1_linear": [
            "linear-L1: train--6.74155727e+00, train_2--6.74155727e+00, test--8.59521885e+00, test_2--8.59521885e+00, val--6.69855465e+00, val_2--6.69855465e+00"
        ],
        "stacking20_0.4_L1_linear": [
            "linear-L1: train--6.74285671e+00, train_2--6.74285671e+00, test--8.58576608e+00, test_2--8.58576608e+00, val--6.69807564e+00, val_2--6.69807564e+00"
        ],
        "stacking30_-1_L1_linear": [
            "linear-L1: train--6.90909375e+00, train_2--6.90909375e+00, test--7.97930032e+00, test_2--7.97930032e+00, val--6.84414175e+00, val_2--6.84414175e+00"
        ],
        "stacking30_0_L1_linear": [
            "linear-L1: train--6.77337264e+00, train_2--6.77337264e+00, test--8.88336974e+00, test_2--8.88336974e+00, val--6.72483243e+00, val_2--6.72483243e+00"
        ],
        "stacking30_0.1_L1_linear": [
            "linear-L1: train--6.72705517e+00, train_2--6.72705517e+00, test--8.60293946e+00, test_2--8.60293946e+00, val--6.69420212e+00, val_2--6.69420212e+00"
        ],
        "stacking30_0.2_L1_linear": [
            "linear-L1: train--6.72184315e+00, train_2--6.72184315e+00, test--8.61695127e+00, test_2--8.61695127e+00, val--6.69028594e+00, val_2--6.69028594e+00"
        ],
        "stacking30_0.3_L1_linear": [
            "linear-L1: train--6.73744055e+00, train_2--6.73744055e+00, test--8.56963758e+00, test_2--8.56963758e+00, val--6.69206044e+00, val_2--6.69206044e+00"
        ],
        "stacking30_0.4_L1_linear": [
            "linear-L1: train--6.73591736e+00, train_2--6.73591736e+00, test--8.52439541e+00, test_2--8.52439541e+00, val--6.68198927e+00, val_2--6.68198927e+00"
        ],
        "stacking40_-1_L1_linear": [
            "linear-L1: train--6.83332393e+00, train_2--6.83332393e+00, test--7.61481823e+00, test_2--7.61481823e+00, val--6.81376399e+00, val_2--6.81376399e+00"
        ],
        "stacking40_0_L1_linear": [
            "linear-L1: train--6.74873490e+00, train_2--6.74873490e+00, test--8.92053784e+00, test_2--8.92053784e+00, val--6.72143721e+00, val_2--6.72143721e+00"
        ],
        "stacking40_0.1_L1_linear": [
            "linear-L1: train--6.71435595e+00, train_2--6.71435595e+00, test--8.19556618e+00, test_2--8.19556618e+00, val--6.69958577e+00, val_2--6.69958577e+00"
        ],
        "stacking40_0.2_L1_linear": [
            "linear-L1: train--6.71450523e+00, train_2--6.71450523e+00, test--8.46526674e+00, test_2--8.46526674e+00, val--6.67859225e+00, val_2--6.67859225e+00"
        ],