{
    "task_type": "RGS",
    "dataset": "Crash",
    "refit": "full",
    "filter": "m6_p6",
    "time_limit": 3600,
    "best": -206540.3603539965,
    "fixed_ens": {
        "ensemble_selection10": -195012.0973546953,
        "cma_es": -190031.18059167222,
        "stacking-1_0.4_L1_linear": -187205.53674780452,
        "stacking-1_0.4_L2_linear": -203429.71612769229,
        "stacking1000_0.4_L1_linear": -183196.06704627528,
        "stacking1000_0.4_L2_linear": -198827.82624674903,
        "ensemble_selection25": -195783.85918252726,
        "EnsOpt": -245674.8053959846,
        "stacking1000_0.4_L1_weighted": -185718.508784433,
        "stacking-1_0.4_L1_weighted": -186672.07069854994,
        "stacking1000_0.4_L2_weighted": -200353.8845733407,
        "stacking-1_0.4_L2_weighted": -203125.4291861356
    },
    "defopt_ens": {
        "s10_r40_d0": "-198281.1420072388, -195971.78388268876, -196425.80342803762, -207555.06449569302, -195637.1200964708, -196425.80342803762"
    },
    "opt_ens_d0-20": [
        "-207493.48280986055",
        "-207521.85152938985",
        "-207519.31797998716",
        "-207516.36601712942",
        "-207555.06449569296",
        "-207555.064495693",
        "-207555.064495693",
        "-207555.064495693",
        "-207555.064495693",
        "-207555.06449569302",
        "-207555.06449569302",
        "-207555.06449569302",
        "-207555.06449569302",
        "-207555.06449569302",
        "-207555.06449569302",
        "-207136.86623495884",
        "-207555.06449569302",
        "-207555.06449569302",
        "-207136.86623495884",
        "-207555.06449569302",
        "-207555.06449569302",
        "-207555.06449569302",
        "-207555.06449569302",
        "-207555.06449569302",
        "-207555.06449569302",
        "-207555.06449569302",
        "-207555.06449569302",
        "-207555.06449569302",
        "-207555.06449569302",
        "-207555.06449569302"
    ],
    "size_exp": {
        "stacking5_-1_L1_linear": [
            "linear-L1: train--1.21447618e+05, train_2--1.21447618e+05, test--1.97825584e+05, test_2--1.97825584e+05, val--1.73073800e+05, val_2--1.73073800e+05"
        ],
        "stacking5_0_L1_linear": [
            "linear-L1: train--1.50130104e+05, train_2--1.50130104e+05, test--1.99444436e+05, test_2--1.99444436e+05, val--1.41473427e+05, val_2--1.41473427e+05"
        ],
        "stacking5_0.1_L1_linear": [
            "linear-L1: train--1.49951632e+05, train_2--1.49951632e+05, test--1.99256525e+05, test_2--1.99256525e+05, val--1.41113810e+05, val_2--1.41113810e+05"
        ],
        "stacking5_0.2_L1_linear": [
            "linear-L1: train--1.49951632e+05, train_2--1.49951632e+05, test--1.99256525e+05, test_2--1.99256525e+05, val--1.41113810e+05, val_2--1.41113810e+05"
        ],
        "stacking5_0.3_L1_linear": [
            "linear-L1: train--1.49951632e+05, train_2--1.49951632e+05, test--1.99256525e+05, test_2--1.99256525e+05, val--1.41113810e+05, val_2--1.41113810e+05"
        ],
        "stacking5_0.4_L1_linear": [
            "linear-L1: train--1.30096078e+05, train_2--1.30096078e+05, test--1.92111856e+05, test_2--1.92111856e+05, val--1.51939187e+05, val_2--1.51939187e+05"
        ],
        "stacking10_-1_L1_linear": [
            "linear-L1: train--1.08246302e+05, train_2--1.08246302e+05, test--1.96382528e+05, test_2--1.96382528e+05, val--1.70380035e+05, val_2--1.70380035e+05"
        ],
        "stacking10_0_L1_linear": [
            "linear-L1: train--1.48059195e+05, train_2--1.48059195e+05, test--2.00676693e+05, test_2--2.00676693e+05, val--1.41660020e+05, val_2--1.41660020e+05"
        ],
        "stacking10_0.1_L1_linear": [
            "linear-L1: train--1.49951632e+05, train_2--1.49951632e+05, test--1.99256525e+05, test_2--1.99256525e+05, val--1.41113810e+05, val_2--1.41113810e+05"
        ],
        "stacking10_0.2_L1_linear": [
            "linear-L1: train--1.49951632e+05, train_2--1.49951632e+05, test--1.99256525e+05, test_2--1.99256525e+05, val--1.41113810e+05, val_2--1.41113810e+05"
        ],
        "stacking10_0.3_L1_linear": [
            "linear-L1: train--1.49951632e+05, train_2--1.49951632e+05, test--1.99256525e+05, test_2--1.99256525e+05, val--1.41113810e+05, val_2--1.41113810e+05"
        ],
        "stacking10_0.4_L1_linear": [
            "linear-L1: train--1.30096078e+05, train_2--1.30096078e+05, test--1.92111856e+05, test_2--1.92111856e+05, val--1.51939187e+05, val_2--1.51939187e+05"
        ],
        "stacking20_-1_L1_linear": [
            "linear-L1: train--1.06453708e+05, train_2--1.06453708e+05, test--1.93107273e+05, test_2--1.93107273e+05, val--1.68907436e+05, val_2--1.68907436e+05"
        ],
        "stacking20_0_L1_linear": [
            "linear-L1: train--1.14928755e+05, train_2--1.14928755e+05, test--1.95848104e+05, test_2--1.95848104e+05, val--1.42387806e+05, val_2--1.42387806e+05"
        ],
        "stacking20_0.1_L1_linear": [
            "linear-L1: train--1.49944466e+05, train_2--1.49944466e+05, test--1.99341510e+05, test_2--1.99341510e+05, val--1.41115875e+05, val_2--1.41115875e+05"
        ],
        "stacking20_0.2_L1_linear": [
            "linear-L1: train--1.29961292e+05, train_2--1.29961292e+05, test--1.91960469e+05, test_2--1.91960469e+05, val--1.52512818e+05, val_2--1.52512818e+05"
        ],
        "stacking20_0.3_L1_linear": [
            "linear-L1: train--1.29007373e+05, train_2--1.29007373e+05, test--1.92872901e+05, test_2--1.92872901e+05, val--1.51184894e+05, val_2--1.51184894e+05"
        ],
        "stacking20_0.4_L1_linear": [
            "linear-L1: train--1.28788856e+05, train_2--1.28788856e+05, test--1.88708939e+05, test_2--1.88708939e+05, val--1.48327450e+05, val_2--1.48327450e+05"
        ],
        "stacking30_-1_L1_linear": [
            "linear-L1: train--1.07698046e+05, train_2--1.07698046e+05, test--1.96301492e+05, test_2--1.96301492e+05, val--1.66091283e+05, val_2--1.66091283e+05"
        ],
        "stacking30_0_L1_linear": [
            "linear-L1: train--1.14590037e+05, train_2--1.14590037e+05, test--1.99876400e+05, test_2--1.99876400e+05, val--1.41157513e+05, val_2--1.41157513e+05"
        ],
        "stacking30_0.1_L1_linear": [
            "linear-L1: train--1.24377025e+05, train_2--1.24377025e+05, test--1.88212907e+05, test_2--1.88212907e+05, val--1.44147581e+05, val_2--1.44147581e+05"
        ],
        "stacking30_0.2_L1_linear": [
            "linear-L1: train--1.28092620e+05, train_2--1.28092620e+05, test--1.89279686e+05, test_2--1.89279686e+05, val--1.49467781e+05, val_2--1.49467781e+05"
        ],
        "stacking30_0.3_L1_linear": [
            "linear-L1: train--1.28559978e+05, train_2--1.28559978e+05, test--1.88589861e+05, test_2--1.88589861e+05, val--1.49613661e+05, val_2--1.49613661e+05"
        ],
        "stacking30_0.4_L1_linear": [
            "linear-L1: train--1.28559978e+05, train_2--1.28559978e+05, test--1.88589861e+05, test_2--1.88589861e+05, val--1.49613661e+05, val_2--1.49613661e+05"
        ],
        "stacking40_-1_L1_linear": [
            "linear-L1: train--1.08282443e+05, train_2--1.08282443e+05, test--1.96577252e+05, test_2--1.96577252e+05, val--1.67909932e+05, val_2--1.67909932e+05"
        ],
        "stacking40_0_L1_linear": [
            "linear-L1: train--1.14587408e+05, train_2--1.14587408e+05, test--1.99721670e+05, test_2--1.99721670e+05, val--1.41141288e+05, val_2--1.41141288e+05"
        ],
        "stacking40_0.1_L1_linear": [
            "linear-L1: train--1.14450373e+05, train_2--1.14450373e+05, test--1.97024199e+05, test_2--1.97024199e+05, val--1.40993131e+05, val_2--1.40993131e+05"
        ],
        "stacking40_0.2_L1_linear": [
            "linear-L1: train--1.14812287e+05, train_2--1.14812287e+05, test--1.93149612e+05, test_2--1.93149612e+05, val--1.42198719e+05, val_2--1.42198719e+05"
        ],