{
    "task_type": "RGS",
    "dataset": "disclosure_z",
    "refit": "full",
    "filter": "m6_p6",
    "time_limit": 3600,
    "best": -629670417.5709049,
    "fixed_ens": {
        "ensemble_selection10": -613707673.2799724,
        "cma_es": -763269110.3446425,
        "stacking-1_0.4_L1_linear": -614210621.5768554,
        "stacking-1_0.4_L2_linear": -616921867.3959594,
        "stacking1000_0.4_L1_linear": -623008683.9064783,
        "stacking1000_0.4_L2_linear": -609361205.9886154,
        "ensemble_selection25": -766306974.9915079,
        "EnsOpt": -599221288.868228,
        "stacking1000_0.4_L1_weighted": -622872572.7026051,
        "stacking-1_0.4_L1_weighted": -612895019.004591,
        "stacking1000_0.4_L2_weighted": -599140705.0230372,
        "stacking-1_0.4_L2_weighted": -619165057.5539415
    },
    "defopt_ens": {
        "s10_r40_d0": "-613975499.659622, -608579494.0514157, -608579494.0514157, -641460230.115437, -608579494.0514157, -608579494.0514157"
    },
    "opt_ens_d0-20": [
        "-609669796.8867394",
        "-610428247.9231825",
        "-610031379.0766572",
        "-609693498.6542679",
        "-610419909.6064302",
        "-609334399.8946503",
        "-610996989.9603819",
        "-613029121.1369525",
        "-613947990.6014657",
        "-612090575.131887",
        "-611320002.3028835",
        "-616147153.1003941",
        "-614286564.0050533",
        "-597591421.6999624",
        "-600081035.1563199",
        "-610429265.2471735",
        "-627473884.9663187",
        "-628869608.3685846",
        "-611196644.8792982",
        "-649356216.2714884",
        "-606342682.472978",
        "-602600230.3770844",
        "-617157081.0859511",
        "-640143267.9054922",
        "-629464556.5837506",
        "-607366838.9472963",
        "-652789344.2230071",
        "-671990030.2601715",
        "-622027087.3180753",
        "-600081035.1563199"
    ],
    "size_exp": {
        "stacking5_-1_L1_linear": [
            "linear-L1: train--5.22720950e+08, train_2--5.22720950e+08, test--6.19462063e+08, test_2--6.19462063e+08, val--6.14044539e+08, val_2--6.14044539e+08"
        ],
        "stacking5_0_L1_linear": [
            "linear-L1: train--5.21207739e+08, train_2--5.21207739e+08, test--6.04608486e+08, test_2--6.04608486e+08, val--5.92390547e+08, val_2--5.92390547e+08"
        ],
        "stacking5_0.1_L1_linear": [
            "linear-L1: train--5.23036578e+08, train_2--5.23036578e+08, test--6.08447652e+08, test_2--6.08447652e+08, val--5.90287627e+08, val_2--5.90287627e+08"
        ],
        "stacking5_0.2_L1_linear": [
            "linear-L1: train--5.23036578e+08, train_2--5.23036578e+08, test--6.08447652e+08, test_2--6.08447652e+08, val--5.90287627e+08, val_2--5.90287627e+08"
        ],
        "stacking5_0.3_L1_linear": [
            "linear-L1: train--5.15476698e+08, train_2--5.15476698e+08, test--6.09317603e+08, test_2--6.09317603e+08, val--6.01288515e+08, val_2--6.01288515e+08"
        ],
        "stacking5_0.4_L1_linear": [
            "linear-L1: train--5.15036375e+08, train_2--5.15036375e+08, test--6.10312561e+08, test_2--6.10312561e+08, val--6.01481977e+08, val_2--6.01481977e+08"
        ],
        "stacking10_-1_L1_linear": [
            "linear-L1: train--5.18034282e+08, train_2--5.18034282e+08, test--6.22608464e+08, test_2--6.22608464e+08, val--6.00009948e+08, val_2--6.00009948e+08"
        ],
        "stacking10_0_L1_linear": [
            "linear-L1: train--5.17700598e+08, train_2--5.17700598e+08, test--6.22426782e+08, test_2--6.22426782e+08, val--5.91426264e+08, val_2--5.91426264e+08"
        ],
        "stacking10_0.1_L1_linear": [
            "linear-L1: train--5.14690005e+08, train_2--5.14690005e+08, test--6.12213357e+08, test_2--6.12213357e+08, val--5.99638030e+08, val_2--5.99638030e+08"
        ],
        "stacking10_0.2_L1_linear": [
            "linear-L1: train--5.14690005e+08, train_2--5.14690005e+08, test--6.12213357e+08, test_2--6.12213357e+08, val--5.99638030e+08, val_2--5.99638030e+08"
        ],
        "stacking10_0.3_L1_linear": [
            "linear-L1: train--5.13211141e+08, train_2--5.13211141e+08, test--6.13163044e+08, test_2--6.13163044e+08, val--6.02099744e+08, val_2--6.02099744e+08"
        ],
        "stacking10_0.4_L1_linear": [
            "linear-L1: train--5.13211141e+08, train_2--5.13211141e+08, test--6.13163044e+08, test_2--6.13163044e+08, val--6.02099744e+08, val_2--6.02099744e+08"
        ],
        "stacking20_-1_L1_linear": [
            "linear-L1: train--5.11726759e+08, train_2--5.11726759e+08, test--6.18565105e+08, test_2--6.18565105e+08, val--6.00734402e+08, val_2--6.00734402e+08"
        ],
        "stacking20_0_L1_linear": [
            "linear-L1: train--5.17334833e+08, train_2--5.17334833e+08, test--6.22040846e+08, test_2--6.22040846e+08, val--5.91621406e+08, val_2--5.91621406e+08"
        ],
        "stacking20_0.1_L1_linear": [
            "linear-L1: train--5.12357440e+08, train_2--5.12357440e+08, test--6.20349122e+08, test_2--6.20349122e+08, val--5.97119627e+08, val_2--5.97119627e+08"
        ],
        "stacking20_0.2_L1_linear": [
            "linear-L1: train--5.11708458e+08, train_2--5.11708458e+08, test--6.19994158e+08, test_2--6.19994158e+08, val--5.98711684e+08, val_2--5.98711684e+08"
        ],
        "stacking20_0.3_L1_linear": [
            "linear-L1: train--5.11708458e+08, train_2--5.11708458e+08, test--6.19994158e+08, test_2--6.19994158e+08, val--5.98711684e+08, val_2--5.98711684e+08"
        ],
        "stacking20_0.4_L1_linear": [
            "linear-L1: train--5.11892957e+08, train_2--5.11892957e+08, test--6.19875274e+08, test_2--6.19875274e+08, val--5.98730675e+08, val_2--5.98730675e+08"
        ],
        "stacking30_-1_L1_linear": [
            "linear-L1: train--5.16531455e+08, train_2--5.16531455e+08, test--6.28143474e+08, test_2--6.28143474e+08, val--5.96398514e+08, val_2--5.96398514e+08"
        ],
        "stacking30_0_L1_linear": [
            "linear-L1: train--5.17334705e+08, train_2--5.17334705e+08, test--6.22001429e+08, test_2--6.22001429e+08, val--5.91629013e+08, val_2--5.91629013e+08"
        ],
        "stacking30_0.1_L1_linear": [
            "linear-L1: train--5.12225405e+08, train_2--5.12225405e+08, test--6.19872253e+08, test_2--6.19872253e+08, val--5.97246813e+08, val_2--5.97246813e+08"
        ],
        "stacking30_0.2_L1_linear": [
            "linear-L1: train--5.11525395e+08, train_2--5.11525395e+08, test--6.18652037e+08, test_2--6.18652037e+08, val--5.98046637e+08, val_2--5.98046637e+08"
        ],
        "stacking30_0.3_L1_linear": [
            "linear-L1: train--5.11525395e+08, train_2--5.11525395e+08, test--6.18652037e+08, test_2--6.18652037e+08, val--5.98046637e+08, val_2--5.98046637e+08"
        ],
        "stacking30_0.4_L1_linear": [
            "linear-L1: train--5.11549035e+08, train_2--5.11549035e+08, test--6.19048553e+08, test_2--6.19048553e+08, val--5.97688067e+08, val_2--5.97688067e+08"
        ],
        "stacking40_-1_L1_linear": [
            "linear-L1: train--5.11186562e+08, train_2--5.11186562e+08, test--6.11179001e+08, test_2--6.11179001e+08, val--5.97490452e+08, val_2--5.97490452e+08"
        ],
        "stacking40_0_L1_linear": [
            "linear-L1: train--5.16708324e+08, train_2--5.16708324e+08, test--6.16075633e+08, test_2--6.16075633e+08, val--5.92914360e+08, val_2--5.92914360e+08"
        ],
        "stacking40_0.1_L1_linear": [
            "linear-L1: train--5.12088395e+08, train_2--5.12088395e+08, test--6.19124188e+08, test_2--6.19124188e+08, val--5.96678657e+08, val_2--5.96678657e+08"
        ],
        "stacking40_0.2_L1_linear": [
            "linear-L1: train--5.11525395e+08, train_2--5.11525395e+08, test--6.18652037e+08, test_2--6.18652037e+08, val--5.98046637e+08, val_2--5.98046637e+08"
        ],