{
    "task_type": "RGS",
    "dataset": "kc_house_data",
    "refit": "full",
    "filter": "m6_p6",
    "time_limit": 3600,
    "best": -19822051248.672527,
    "fixed_ens": {
        "ensemble_selection10": -19426088542.191013,
        "cma_es": -19954106643.826813,
        "stacking-1_0.4_L1_linear": -19900429281.72658,
        "stacking-1_0.4_L2_linear": -19581463202.61953,
        "stacking1000_0.4_L1_linear": -25630117319.513634,
        "stacking1000_0.4_L2_linear": -22080478877.142437,
        "ensemble_selection25": -19451931135.971455,
        "EnsOpt": -18826992532.312386,
        "stacking1000_0.4_L1_weighted": -19867673791.33249,
        "stacking-1_0.4_L1_weighted": -19560159555.51107,
        "stacking1000_0.4_L2_weighted": -21081483143.24348,
        "stacking-1_0.4_L2_weighted": -19501590056.00538
    },
    "defopt_ens": {
        "s10_r40_d0": "-19061563015.820133, -19149075415.011215, -18879806482.263042, -19116779253.141743, -19768498491.626328, -18879806482.263042"
    },
    "opt_ens_d0-20": [
        "-18721958368.245735",
        "-18714411431.299557",
        "-18659425079.443348",
        "-18703479029.550278",
        "-18723330154.889637",
        "-18745022184.1924",
        "-18767545015.351425",
        "-18662633797.099403",
        "-18520013356.662903",
        "-18210699927.462223",
        "-17801737299.631607",
        "-17432335768.503643",
        "-16897703928.864904",
        "-16781762767.21335",
        "-16724649234.766424",
        "-19116779253.141743",
        "-19768498491.626328",
        "-18607743589.88895",
        "-18812771767.36634",
        "-18918888177.708363",
        "-18879806482.263042",
        "-19706622403.318687",
        "-19804205562.002087",
        "-20676846094.996086",
        "-20676846094.996086",
        "-19644011629.228813",
        "-19644011629.228813",
        "-17312995446.25329",
        "-16923856785.292841",
        "-16724649234.766424"
    ],
    "size_exp": {
        "stacking5_-1_L1_linear": [
            "linear-L1: train--1.29054214e+10, train_2--1.29054214e+10, test--2.39869066e+10, test_2--2.39869066e+10, val--1.50324654e+10, val_2--1.50324654e+10"
        ],
        "stacking5_0_L1_linear": [
            "linear-L1: train--1.24817569e+10, train_2--1.24817569e+10, test--2.33376271e+10, test_2--2.33376271e+10, val--1.47868360e+10, val_2--1.47868360e+10"
        ],
        "stacking5_0.1_L1_linear": [
            "linear-L1: train--1.24817569e+10, train_2--1.24817569e+10, test--2.33376271e+10, test_2--2.33376271e+10, val--1.47868360e+10, val_2--1.47868360e+10"
        ],
        "stacking5_0.2_L1_linear": [
            "linear-L1: train--1.24817569e+10, train_2--1.24817569e+10, test--2.33376271e+10, test_2--2.33376271e+10, val--1.47868360e+10, val_2--1.47868360e+10"
        ],
        "stacking5_0.3_L1_linear": [
            "linear-L1: train--1.24817569e+10, train_2--1.24817569e+10, test--2.33376271e+10, test_2--2.33376271e+10, val--1.47868360e+10, val_2--1.47868360e+10"
        ],
        "stacking5_0.4_L1_linear": [
            "linear-L1: train--1.24817569e+10, train_2--1.24817569e+10, test--2.33376271e+10, test_2--2.33376271e+10, val--1.47868360e+10, val_2--1.47868360e+10"
        ],
        "stacking10_-1_L1_linear": [
            "linear-L1: train--1.32861277e+10, train_2--1.32861277e+10, test--2.38445706e+10, test_2--2.38445706e+10, val--1.52075819e+10, val_2--1.52075819e+10"
        ],
        "stacking10_0_L1_linear": [
            "linear-L1: train--1.24200087e+10, train_2--1.24200087e+10, test--2.31007477e+10, test_2--2.31007477e+10, val--1.48255710e+10, val_2--1.48255710e+10"
        ],
        "stacking10_0.1_L1_linear": [
            "linear-L1: train--1.23920426e+10, train_2--1.23920426e+10, test--2.29812650e+10, test_2--2.29812650e+10, val--1.47973758e+10, val_2--1.47973758e+10"
        ],
        "stacking10_0.2_L1_linear": [
            "linear-L1: train--1.23920426e+10, train_2--1.23920426e+10, test--2.29812650e+10, test_2--2.29812650e+10, val--1.47973758e+10, val_2--1.47973758e+10"
        ],
        "stacking10_0.3_L1_linear": [
            "linear-L1: train--1.23920426e+10, train_2--1.23920426e+10, test--2.29812650e+10, test_2--2.29812650e+10, val--1.47973758e+10, val_2--1.47973758e+10"
        ],
        "stacking10_0.4_L1_linear": [
            "linear-L1: train--1.23920426e+10, train_2--1.23920426e+10, test--2.29812650e+10, test_2--2.29812650e+10, val--1.47973758e+10, val_2--1.47973758e+10"
        ],
        "stacking20_-1_L1_linear": [
            "linear-L1: train--1.27047645e+10, train_2--1.27047645e+10, test--2.35653643e+10, test_2--2.35653643e+10, val--1.49933643e+10, val_2--1.49933643e+10"
        ],
        "stacking20_0_L1_linear": [
            "linear-L1: train--1.23920426e+10, train_2--1.23920426e+10, test--2.29812650e+10, test_2--2.29812650e+10, val--1.47973758e+10, val_2--1.47973758e+10"
        ],
        "stacking20_0.1_L1_linear": [
            "linear-L1: train--1.23920156e+10, train_2--1.23920156e+10, test--2.29849390e+10, test_2--2.29849390e+10, val--1.47966104e+10, val_2--1.47966104e+10"
        ],
        "stacking20_0.2_L1_linear": [
            "linear-L1: train--1.23920156e+10, train_2--1.23920156e+10, test--2.29849390e+10, test_2--2.29849390e+10, val--1.47966104e+10, val_2--1.47966104e+10"
        ],
        "stacking20_0.3_L1_linear": [
            "linear-L1: train--1.23911347e+10, train_2--1.23911347e+10, test--2.30164404e+10, test_2--2.30164404e+10, val--1.47954380e+10, val_2--1.47954380e+10"
        ],
        "stacking20_0.4_L1_linear": [
            "linear-L1: train--1.23911347e+10, train_2--1.23911347e+10, test--2.30164404e+10, test_2--2.30164404e+10, val--1.47954380e+10, val_2--1.47954380e+10"
        ],
        "stacking30_-1_L1_linear": [
            "linear-L1: train--1.27324333e+10, train_2--1.27324333e+10, test--2.27887565e+10, test_2--2.27887565e+10, val--1.50467282e+10, val_2--1.50467282e+10"
        ],
        "stacking30_0_L1_linear": [
            "linear-L1: train--1.23920156e+10, train_2--1.23920156e+10, test--2.29849390e+10, test_2--2.29849390e+10, val--1.47966104e+10, val_2--1.47966104e+10"
        ],
        "stacking30_0.1_L1_linear": [
            "linear-L1: train--1.23911347e+10, train_2--1.23911347e+10, test--2.30164404e+10, test_2--2.30164404e+10, val--1.47954380e+10, val_2--1.47954380e+10"
        ],
        "stacking30_0.2_L1_linear": [
            "linear-L1: train--1.23911347e+10, train_2--1.23911347e+10, test--2.30164404e+10, test_2--2.30164404e+10, val--1.47954380e+10, val_2--1.47954380e+10"
        ],
        "stacking30_0.3_L1_linear": [
            "linear-L1: train--1.23911347e+10, train_2--1.23911347e+10, test--2.30164404e+10, test_2--2.30164404e+10, val--1.47954380e+10, val_2--1.47954380e+10"
        ],
        "stacking30_0.4_L1_linear": [
            "linear-L1: train--1.23911347e+10, train_2--1.23911347e+10, test--2.30164404e+10, test_2--2.30164404e+10, val--1.47954380e+10, val_2--1.47954380e+10"
        ],
        "stacking40_-1_L1_linear": [
            "linear-L1: train--1.25636534e+10, train_2--1.25636534e+10, test--2.31060588e+10, test_2--2.31060588e+10, val--1.49385113e+10, val_2--1.49385113e+10"
        ],
        "stacking40_0_L1_linear": [
            "linear-L1: train--1.23911347e+10, train_2--1.23911347e+10, test--2.30164404e+10, test_2--2.30164404e+10, val--1.47954380e+10, val_2--1.47954380e+10"
        ],
        "stacking40_0.1_L1_linear": [
            "linear-L1: train--1.23911347e+10, train_2--1.23911347e+10, test--2.30164404e+10, test_2--2.30164404e+10, val--1.47954380e+10, val_2--1.47954380e+10"
        ],
        "stacking40_0.2_L1_linear": [
            "linear-L1: train--1.23911347e+10, train_2--1.23911347e+10, test--2.30164404e+10, test_2--2.30164404e+10, val--1.47954380e+10, val_2--1.47954380e+10"
        ],