{
    "task_type": "RGS",
    "dataset": "liver-disorders",
    "refit": "full",
    "filter": "m6_p6",
    "time_limit": 3600,
    "best": -12.061489758284196,
    "fixed_ens": {
        "ensemble_selection10": -11.514220955407362,
        "cma_es": -11.8202554474224,
        "stacking-1_0.4_L1_linear": -10.476589092147108,
        "stacking-1_0.4_L2_linear": -11.282512547220724,
        "stacking1000_0.4_L1_linear": -10.580495737586487,
        "stacking1000_0.4_L2_linear": -11.089518385467757,
        "ensemble_selection25": -11.545856785427407,
        "EnsOpt": -11.598090917849486,
        "stacking1000_0.4_L1_weighted": -10.976372784596984,
        "stacking-1_0.4_L1_weighted": -10.87989970545754,
        "stacking1000_0.4_L2_weighted": -12.81090393382666,
        "stacking-1_0.4_L2_weighted": -11.258551684486461
    },
    "defopt_ens": {
        "s10_r40_d0": "-11.904238483671596, -11.874299748012984, -11.877365164134815, -12.019933614592622, -11.914763623389646, -11.877365164134815"
    },
    "opt_ens_d0-20": [
        "-11.729751032603401",
        "-11.742302176993148",
        "-11.772717372987072",
        "-11.902523150868335",
        "-11.870939039566585",
        "-11.866961976425799",
        "-11.879881228777668",
        "-11.902676297348062",
        "-11.909601416939939",
        "-11.964969726716072",
        "-12.067483770861799",
        "-12.261633939898056",
        "-12.53416935114623",
        "-12.507440329370029",
        "-13.908007826105182",
        "-11.880200690258516",
        "-11.433336480463437",
        "-10.932107313816912",
        "-12.630808273398358",
        "-12.395493502224111",
        "-11.901880540143281",
        "-11.892215180563776",
        "-12.267338535060054",
        "-11.914763623389646",
        "-11.877365164134815",
        "-11.703115346600528",
        "-11.763084615154927",
        "-12.936341464328379",
        "-12.098032167011299",
        "-13.908007826105182"
    ],
    "size_exp": {
        "stacking5_-1_L1_linear": [
            "linear-L1: train--8.15829937e+00, train_2--8.15829937e+00, test--1.14377959e+01, test_2--1.14377959e+01, val--8.63343940e+00, val_2--8.63343940e+00"
        ],
        "stacking5_0_L1_linear": [
            "linear-L1: train--8.14283470e+00, train_2--8.14283470e+00, test--1.12778169e+01, test_2--1.12778169e+01, val--8.08217979e+00, val_2--8.08217979e+00"
        ],
        "stacking5_0.1_L1_linear": [
            "linear-L1: train--9.72718554e+00, train_2--9.72718554e+00, test--1.32227006e+01, test_2--1.32227006e+01, val--8.57058690e+00, val_2--8.57058690e+00"
        ],
        "stacking5_0.2_L1_linear": [
            "linear-L1: train--9.72718554e+00, train_2--9.72718554e+00, test--1.32227006e+01, test_2--1.32227006e+01, val--8.57058690e+00, val_2--8.57058690e+00"
        ],
        "stacking5_0.3_L1_linear": [
            "linear-L1: train--9.72718554e+00, train_2--9.72718554e+00, test--1.32227006e+01, test_2--1.32227006e+01, val--8.57058690e+00, val_2--8.57058690e+00"
        ],
        "stacking5_0.4_L1_linear": [
            "linear-L1: train--7.69898956e+00, train_2--7.69898956e+00, test--1.18834273e+01, test_2--1.18834273e+01, val--8.73962920e+00, val_2--8.73962920e+00"
        ],
        "stacking10_-1_L1_linear": [
            "linear-L1: train--7.77532925e+00, train_2--7.77532925e+00, test--1.15490662e+01, test_2--1.15490662e+01, val--8.43788560e+00, val_2--8.43788560e+00"
        ],
        "stacking10_0_L1_linear": [
            "linear-L1: train--8.04661279e+00, train_2--8.04661279e+00, test--1.11937047e+01, test_2--1.11937047e+01, val--8.12324823e+00, val_2--8.12324823e+00"
        ],
        "stacking10_0.1_L1_linear": [
            "linear-L1: train--8.15630657e+00, train_2--8.15630657e+00, test--1.13620737e+01, test_2--1.13620737e+01, val--8.03069548e+00, val_2--8.03069548e+00"
        ],
        "stacking10_0.2_L1_linear": [
            "linear-L1: train--8.14621981e+00, train_2--8.14621981e+00, test--1.10035539e+01, test_2--1.10035539e+01, val--7.96657103e+00, val_2--7.96657103e+00"
        ],
        "stacking10_0.3_L1_linear": [
            "linear-L1: train--8.14621981e+00, train_2--8.14621981e+00, test--1.10035539e+01, test_2--1.10035539e+01, val--7.96657103e+00, val_2--7.96657103e+00"
        ],
        "stacking10_0.4_L1_linear": [
            "linear-L1: train--7.55217019e+00, train_2--7.55217019e+00, test--1.11671560e+01, test_2--1.11671560e+01, val--8.27664629e+00, val_2--8.27664629e+00"
        ],
        "stacking20_-1_L1_linear": [
            "linear-L1: train--7.61112127e+00, train_2--7.61112127e+00, test--1.13939464e+01, test_2--1.13939464e+01, val--8.16224865e+00, val_2--8.16224865e+00"
        ],
        "stacking20_0_L1_linear": [
            "linear-L1: train--8.04088099e+00, train_2--8.04088099e+00, test--1.12913297e+01, test_2--1.12913297e+01, val--8.13689100e+00, val_2--8.13689100e+00"
        ],
        "stacking20_0.1_L1_linear": [
            "linear-L1: train--8.10833536e+00, train_2--8.10833536e+00, test--1.10724393e+01, test_2--1.10724393e+01, val--8.04521958e+00, val_2--8.04521958e+00"
        ],
        "stacking20_0.2_L1_linear": [
            "linear-L1: train--7.50453298e+00, train_2--7.50453298e+00, test--1.11423877e+01, test_2--1.11423877e+01, val--8.28402894e+00, val_2--8.28402894e+00"
        ],
        "stacking20_0.3_L1_linear": [
            "linear-L1: train--7.50453298e+00, train_2--7.50453298e+00, test--1.11423877e+01, test_2--1.11423877e+01, val--8.28402894e+00, val_2--8.28402894e+00"
        ],
        "stacking20_0.4_L1_linear": [
            "linear-L1: train--7.50453298e+00, train_2--7.50453298e+00, test--1.11423877e+01, test_2--1.11423877e+01, val--8.28402894e+00, val_2--8.28402894e+00"
        ],
        "stacking30_-1_L1_linear": [
            "linear-L1: train--7.58702388e+00, train_2--7.58702388e+00, test--1.11029502e+01, test_2--1.11029502e+01, val--8.27183164e+00, val_2--8.27183164e+00"
        ],
        "stacking30_0_L1_linear": [
            "linear-L1: train--7.94432524e+00, train_2--7.94432524e+00, test--1.13602129e+01, test_2--1.13602129e+01, val--8.17545908e+00, val_2--8.17545908e+00"
        ],
        "stacking30_0.1_L1_linear": [
            "linear-L1: train--7.52253305e+00, train_2--7.52253305e+00, test--1.12102014e+01, test_2--1.12102014e+01, val--8.27554728e+00, val_2--8.27554728e+00"
        ],
        "stacking30_0.2_L1_linear": [
            "linear-L1: train--7.48870598e+00, train_2--7.48870598e+00, test--1.11283760e+01, test_2--1.11283760e+01, val--8.28130011e+00, val_2--8.28130011e+00"
        ],
        "stacking30_0.3_L1_linear": [
            "linear-L1: train--7.48870598e+00, train_2--7.48870598e+00, test--1.11283760e+01, test_2--1.11283760e+01, val--8.28130011e+00, val_2--8.28130011e+00"
        ],
        "stacking30_0.4_L1_linear": [
            "linear-L1: train--7.50453298e+00, train_2--7.50453298e+00, test--1.11423877e+01, test_2--1.11423877e+01, val--8.28402894e+00, val_2--8.28402894e+00"
        ],
        "stacking40_-1_L1_linear": [
            "linear-L1: train--7.59396570e+00, train_2--7.59396570e+00, test--1.13671662e+01, test_2--1.13671662e+01, val--8.34273064e+00, val_2--8.34273064e+00"
        ],
        "stacking40_0_L1_linear": [
            "linear-L1: train--7.94432524e+00, train_2--7.94432524e+00, test--1.13602129e+01, test_2--1.13602129e+01, val--8.17545908e+00, val_2--8.17545908e+00"
        ],
        "stacking40_0.1_L1_linear": [
            "linear-L1: train--7.48870598e+00, train_2--7.48870598e+00, test--1.11283760e+01, test_2--1.11283760e+01, val--8.28130011e+00, val_2--8.28130011e+00"
        ],
        "stacking40_0.2_L1_linear": [
            "linear-L1: train--7.48870598e+00, train_2--7.48870598e+00, test--1.11283760e+01, test_2--1.11283760e+01, val--8.28130011e+00, val_2--8.28130011e+00"
        ],