{
    "task_type": "RGS",
    "dataset": "OnlineNewsPopularity",
    "refit": "full",
    "filter": "m6_p6",
    "time_limit": 3600,
    "best": -67930030.73216812,
    "fixed_ens": {
        "ensemble_selection10": -67678929.49914698,
        "cma_es": -67636251.04290769,
        "stacking-1_0.4_L1_linear": -67728081.24798293,
        "stacking-1_0.4_L2_linear": -67850694.53110647,
        "stacking1000_0.4_L1_linear": -67899832.96618937,
        "stacking1000_0.4_L2_linear": -67769555.42905165,
        "ensemble_selection25": -67660621.87191948,
        "EnsOpt": -67818105.34428798,
        "stacking1000_0.4_L1_weighted": -67508506.56078415,
        "stacking-1_0.4_L1_weighted": -67707176.29870196,
        "stacking1000_0.4_L2_weighted": -67155410.72668988,
        "stacking-1_0.4_L2_weighted": -67869483.80136059
    },
    "defopt_ens": {
        "s10_r40_d0": "-67550166.44306001, -67530367.257146, -67596767.89632088, -67668520.95044632, -67654470.12275915, -67596767.89632088"
    },
    "opt_ens_d0-20": [
        "-67471379.56250049",
        "-67486371.34213838",
        "-67503512.91707534",
        "-67485008.34448773",
        "-67506623.13016081",
        "-67534142.26639362",
        "-67512130.31358643",
        "-67563052.21539949",
        "-67540475.35220191",
        "-67517955.11933355",
        "-67592980.6814493",
        "-67655130.83614685",
        "-67645609.04345648",
        "-67688251.74661581",
        "-67688251.74661581",
        "-67586486.58745405",
        "-67668520.95044632",
        "-67857570.78289434",
        "-67654470.12275915",
        "-67586792.01476261",
        "-67857570.78289434",
        "-67258197.25073235",
        "-67857570.78289434",
        "-67857570.78289434",
        "-67469650.88585514",
        "-67405211.71331169",
        "-67688251.74661581",
        "-67596767.89632088",
        "-67688251.74661581",
        "-67688251.74661581"
    ],
    "size_exp": {
        "stacking5_-1_L1_linear": [
            "linear-L1: train--1.42987963e+08, train_2--1.42987963e+08, test--6.84823582e+07, test_2--6.84823582e+07, val--1.61153159e+08, val_2--1.61153159e+08"
        ],
        "stacking5_0_L1_linear": [
            "linear-L1: train--1.41825724e+08, train_2--1.41825724e+08, test--6.79555210e+07, test_2--6.79555210e+07, val--1.59462752e+08, val_2--1.59462752e+08"
        ],
        "stacking5_0.1_L1_linear": [
            "linear-L1: train--1.41825724e+08, train_2--1.41825724e+08, test--6.79555210e+07, test_2--6.79555210e+07, val--1.59462752e+08, val_2--1.59462752e+08"
        ],
        "stacking5_0.2_L1_linear": [
            "linear-L1: train--1.41825724e+08, train_2--1.41825724e+08, test--6.79555210e+07, test_2--6.79555210e+07, val--1.59462752e+08, val_2--1.59462752e+08"
        ],
        "stacking5_0.3_L1_linear": [
            "linear-L1: train--1.41825724e+08, train_2--1.41825724e+08, test--6.79555210e+07, test_2--6.79555210e+07, val--1.59462752e+08, val_2--1.59462752e+08"
        ],
        "stacking5_0.4_L1_linear": [
            "linear-L1: train--1.41789162e+08, train_2--1.41789162e+08, test--6.79219223e+07, test_2--6.79219223e+07, val--1.59482170e+08, val_2--1.59482170e+08"
        ],
        "stacking10_-1_L1_linear": [
            "linear-L1: train--1.41459732e+08, train_2--1.41459732e+08, test--6.81017040e+07, test_2--6.81017040e+07, val--1.64587192e+08, val_2--1.64587192e+08"
        ],
        "stacking10_0_L1_linear": [
            "linear-L1: train--1.41798470e+08, train_2--1.41798470e+08, test--6.78527607e+07, test_2--6.78527607e+07, val--1.59520456e+08, val_2--1.59520456e+08"
        ],
        "stacking10_0.1_L1_linear": [
            "linear-L1: train--1.41620877e+08, train_2--1.41620877e+08, test--6.77700941e+07, test_2--6.77700941e+07, val--1.59727609e+08, val_2--1.59727609e+08"
        ],
        "stacking10_0.2_L1_linear": [
            "linear-L1: train--1.41608725e+08, train_2--1.41608725e+08, test--6.77706819e+07, test_2--6.77706819e+07, val--1.59726119e+08, val_2--1.59726119e+08"
        ],
        "stacking10_0.3_L1_linear": [
            "linear-L1: train--1.41608725e+08, train_2--1.41608725e+08, test--6.77706819e+07, test_2--6.77706819e+07, val--1.59726119e+08, val_2--1.59726119e+08"
        ],
        "stacking10_0.4_L1_linear": [
            "linear-L1: train--1.41236869e+08, train_2--1.41236869e+08, test--6.76139139e+07, test_2--6.76139139e+07, val--1.59902452e+08, val_2--1.59902452e+08"
        ],
        "stacking20_-1_L1_linear": [
            "linear-L1: train--1.41571397e+08, train_2--1.41571397e+08, test--6.79000469e+07, test_2--6.79000469e+07, val--1.60398941e+08, val_2--1.60398941e+08"
        ],
        "stacking20_0_L1_linear": [
            "linear-L1: train--1.41357549e+08, train_2--1.41357549e+08, test--6.77019244e+07, test_2--6.77019244e+07, val--1.59830032e+08, val_2--1.59830032e+08"
        ],
        "stacking20_0.1_L1_linear": [
            "linear-L1: train--1.41236754e+08, train_2--1.41236754e+08, test--6.76091911e+07, test_2--6.76091911e+07, val--1.59903226e+08, val_2--1.59903226e+08"
        ],
        "stacking20_0.2_L1_linear": [
            "linear-L1: train--1.41053617e+08, train_2--1.41053617e+08, test--6.76455540e+07, test_2--6.76455540e+07, val--1.60227635e+08, val_2--1.60227635e+08"
        ],
        "stacking20_0.3_L1_linear": [
            "linear-L1: train--1.41053617e+08, train_2--1.41053617e+08, test--6.76455540e+07, test_2--6.76455540e+07, val--1.60227635e+08, val_2--1.60227635e+08"
        ],
        "stacking20_0.4_L1_linear": [
            "linear-L1: train--1.40977427e+08, train_2--1.40977427e+08, test--6.76220419e+07, test_2--6.76220419e+07, val--1.60193139e+08, val_2--1.60193139e+08"
        ],
        "stacking30_-1_L1_linear": [
            "linear-L1: train--1.41434793e+08, train_2--1.41434793e+08, test--6.76250995e+07, test_2--6.76250995e+07, val--1.63431928e+08, val_2--1.63431928e+08"
        ],
        "stacking30_0_L1_linear": [
            "linear-L1: train--1.41357549e+08, train_2--1.41357549e+08, test--6.77019244e+07, test_2--6.77019244e+07, val--1.59830032e+08, val_2--1.59830032e+08"
        ],
        "stacking30_0.1_L1_linear": [
            "linear-L1: train--1.40979284e+08, train_2--1.40979284e+08, test--6.75976362e+07, test_2--6.75976362e+07, val--1.60261954e+08, val_2--1.60261954e+08"
        ],
        "stacking30_0.2_L1_linear": [
            "linear-L1: train--1.40977909e+08, train_2--1.40977909e+08, test--6.76102326e+07, test_2--6.76102326e+07, val--1.60266667e+08, val_2--1.60266667e+08"
        ],
        "stacking30_0.3_L1_linear": [
            "linear-L1: train--1.40924047e+08, train_2--1.40924047e+08, test--6.75928583e+07, test_2--6.75928583e+07, val--1.60226230e+08, val_2--1.60226230e+08"
        ],
        "stacking30_0.4_L1_linear": [
            "linear-L1: train--1.40976733e+08, train_2--1.40976733e+08, test--6.76296999e+07, test_2--6.76296999e+07, val--1.60197867e+08, val_2--1.60197867e+08"
        ],
        "stacking40_-1_L1_linear": [
            "linear-L1: train--1.40772555e+08, train_2--1.40772555e+08, test--6.77316552e+07, test_2--6.77316552e+07, val--1.60592531e+08, val_2--1.60592531e+08"
        ],
        "stacking40_0_L1_linear": [
            "linear-L1: train--1.40899130e+08, train_2--1.40899130e+08, test--6.77960707e+07, test_2--6.77960707e+07, val--1.60612018e+08, val_2--1.60612018e+08"
        ],
        "stacking40_0.1_L1_linear": [
            "linear-L1: train--1.40900722e+08, train_2--1.40900722e+08, test--6.78176782e+07, test_2--6.78176782e+07, val--1.60611299e+08, val_2--1.60611299e+08"
        ],
        "stacking40_0.2_L1_linear": [
            "linear-L1: train--1.40924047e+08, train_2--1.40924047e+08, test--6.75928583e+07, test_2--6.75928583e+07, val--1.60226230e+08, val_2--1.60226230e+08"
        ],