{
    "task_type": "RGS",
    "dataset": "pbc",
    "refit": "full",
    "filter": "m6_p6",
    "time_limit": 3600,
    "best": -0.6790573372206026,
    "fixed_ens": {
        "ensemble_selection10": -0.620689133776701,
        "cma_es": -0.6364778059428623,
        "stacking-1_0.4_L1_linear": -0.6051018730582816,
        "stacking-1_0.4_L2_linear": -0.6197496080459745,
        "stacking1000_0.4_L1_linear": -0.6112672051539048,
        "stacking1000_0.4_L2_linear": -0.6146939670529248,
        "ensemble_selection25": -0.6210494141313713,
        "EnsOpt": -0.5776110934287572,
        "stacking1000_0.4_L1_weighted": -0.6024876064413848,
        "stacking-1_0.4_L1_weighted": -0.5963196433622517,
        "stacking1000_0.4_L2_weighted": -0.5988279319427724,
        "stacking-1_0.4_L2_weighted": -0.6156282696954251
    },
    "defopt_ens": {
        "s10_r40_d0": "-0.628365229426322, -0.6174121688806354, -0.6174121688806354, -0.6880381330801266, -0.6174121688806354, -0.6174121688806354"
    },
    "opt_ens_d0-20": [
        "-0.5943161887886955",
        "-0.592398194269235",
        "-0.5904575935087847",
        "-0.5897212318841119",
        "-0.5914798794454568",
        "-0.5936306032176061",
        "-0.595977743625292",
        "-0.5976979646458078",
        "-0.6013978595851169",
        "-0.6046824823525385",
        "-0.602875382897127",
        "-0.6005751544569162",
        "-0.5961092425200473",
        "-0.590900822092971",
        "-0.5988193691676639",
        "-0.6413316295193682",
        "-0.632211153120988",
        "-0.6050769116734732",
        "-0.5791323619625244",
        "-0.579164242612492",
        "-0.5802467600934624",
        "-0.6184928675763214",
        "-0.5810245280145894",
        "-0.5969722086462521",
        "-0.6168968832961059",
        "-0.6166964294946732",
        "-0.6231021102847948",
        "-0.6222326896124011",
        "-0.585410332841312",
        "-0.5988193691676639"
    ],
    "size_exp": {
        "stacking5_-1_L1_linear": [
            "linear-L1: train--5.24367174e-01, train_2--5.24367174e-01, test--6.56379320e-01, test_2--6.56379320e-01, val--4.65363696e-01, val_2--4.65363696e-01"
        ],
        "stacking5_0_L1_linear": [
            "linear-L1: train--6.06259279e-01, train_2--6.06259279e-01, test--6.98922272e-01, test_2--6.98922272e-01, val--4.30360265e-01, val_2--4.30360265e-01"
        ],
        "stacking5_0.1_L1_linear": [
            "linear-L1: train--5.97010039e-01, train_2--5.97010039e-01, test--6.70484455e-01, test_2--6.70484455e-01, val--4.19241345e-01, val_2--4.19241345e-01"
        ],
        "stacking5_0.2_L1_linear": [
            "linear-L1: train--5.05202235e-01, train_2--5.05202235e-01, test--6.30115899e-01, test_2--6.30115899e-01, val--4.27202795e-01, val_2--4.27202795e-01"
        ],
        "stacking5_0.3_L1_linear": [
            "linear-L1: train--5.05083861e-01, train_2--5.05083861e-01, test--6.30641105e-01, test_2--6.30641105e-01, val--4.25698053e-01, val_2--4.25698053e-01"
        ],
        "stacking5_0.4_L1_linear": [
            "linear-L1: train--5.05083861e-01, train_2--5.05083861e-01, test--6.30641105e-01, test_2--6.30641105e-01, val--4.25698053e-01, val_2--4.25698053e-01"
        ],
        "stacking10_-1_L1_linear": [
            "linear-L1: train--5.04979248e-01, train_2--5.04979248e-01, test--6.03830554e-01, test_2--6.03830554e-01, val--4.68235204e-01, val_2--4.68235204e-01"
        ],
        "stacking10_0_L1_linear": [
            "linear-L1: train--5.84088852e-01, train_2--5.84088852e-01, test--6.82481646e-01, test_2--6.82481646e-01, val--4.12192615e-01, val_2--4.12192615e-01"
        ],
        "stacking10_0.1_L1_linear": [
            "linear-L1: train--5.91042647e-01, train_2--5.91042647e-01, test--6.78047368e-01, test_2--6.78047368e-01, val--4.17682892e-01, val_2--4.17682892e-01"
        ],
        "stacking10_0.2_L1_linear": [
            "linear-L1: train--5.01745590e-01, train_2--5.01745590e-01, test--6.34061201e-01, test_2--6.34061201e-01, val--4.23247831e-01, val_2--4.23247831e-01"
        ],
        "stacking10_0.3_L1_linear": [
            "linear-L1: train--4.91852026e-01, train_2--4.91852026e-01, test--6.21523396e-01, test_2--6.21523396e-01, val--4.25475685e-01, val_2--4.25475685e-01"
        ],
        "stacking10_0.4_L1_linear": [
            "linear-L1: train--4.91852026e-01, train_2--4.91852026e-01, test--6.21523396e-01, test_2--6.21523396e-01, val--4.25475685e-01, val_2--4.25475685e-01"
        ],
        "stacking20_-1_L1_linear": [
            "linear-L1: train--4.83600953e-01, train_2--4.83600953e-01, test--6.05646811e-01, test_2--6.05646811e-01, val--4.33830522e-01, val_2--4.33830522e-01"
        ],
        "stacking20_0_L1_linear": [
            "linear-L1: train--5.84088852e-01, train_2--5.84088852e-01, test--6.82481646e-01, test_2--6.82481646e-01, val--4.12192615e-01, val_2--4.12192615e-01"
        ],
        "stacking20_0.1_L1_linear": [
            "linear-L1: train--5.08819594e-01, train_2--5.08819594e-01, test--6.33285485e-01, test_2--6.33285485e-01, val--4.25958912e-01, val_2--4.25958912e-01"
        ],
        "stacking20_0.2_L1_linear": [
            "linear-L1: train--4.99984985e-01, train_2--4.99984985e-01, test--6.40687652e-01, test_2--6.40687652e-01, val--4.21040142e-01, val_2--4.21040142e-01"
        ],
        "stacking20_0.3_L1_linear": [
            "linear-L1: train--4.88908595e-01, train_2--4.88908595e-01, test--6.23976396e-01, test_2--6.23976396e-01, val--4.23175787e-01, val_2--4.23175787e-01"
        ],
        "stacking20_0.4_L1_linear": [
            "linear-L1: train--4.88656870e-01, train_2--4.88656870e-01, test--6.21577456e-01, test_2--6.21577456e-01, val--4.21826441e-01, val_2--4.21826441e-01"
        ],
        "stacking30_-1_L1_linear": [
            "linear-L1: train--4.85035704e-01, train_2--4.85035704e-01, test--5.99541855e-01, test_2--5.99541855e-01, val--4.24884395e-01, val_2--4.24884395e-01"
        ],
        "stacking30_0_L1_linear": [
            "linear-L1: train--5.83991887e-01, train_2--5.83991887e-01, test--6.81397937e-01, test_2--6.81397937e-01, val--4.13085167e-01, val_2--4.13085167e-01"
        ],
        "stacking30_0.1_L1_linear": [
            "linear-L1: train--5.01156829e-01, train_2--5.01156829e-01, test--6.37287246e-01, test_2--6.37287246e-01, val--4.23359564e-01, val_2--4.23359564e-01"
        ],
        "stacking30_0.2_L1_linear": [
            "linear-L1: train--4.88583146e-01, train_2--4.88583146e-01, test--6.26634010e-01, test_2--6.26634010e-01, val--4.23683345e-01, val_2--4.23683345e-01"
        ],
        "stacking30_0.3_L1_linear": [
            "linear-L1: train--4.82559182e-01, train_2--4.82559182e-01, test--6.19243191e-01, test_2--6.19243191e-01, val--4.27146536e-01, val_2--4.27146536e-01"
        ],
        "stacking30_0.4_L1_linear": [
            "linear-L1: train--4.82559182e-01, train_2--4.82559182e-01, test--6.19243191e-01, test_2--6.19243191e-01, val--4.27146536e-01, val_2--4.27146536e-01"
        ],
        "stacking40_-1_L1_linear": [
            "linear-L1: train--4.89597225e-01, train_2--4.89597225e-01, test--6.15635773e-01, test_2--6.15635773e-01, val--4.39876979e-01, val_2--4.39876979e-01"
        ],
        "stacking40_0_L1_linear": [
            "linear-L1: train--5.77440587e-01, train_2--5.77440587e-01, test--6.72098378e-01, test_2--6.72098378e-01, val--4.13282977e-01, val_2--4.13282977e-01"
        ],
        "stacking40_0.1_L1_linear": [
            "linear-L1: train--5.01156829e-01, train_2--5.01156829e-01, test--6.37287246e-01, test_2--6.37287246e-01, val--4.23359564e-01, val_2--4.23359564e-01"
        ],
        "stacking40_0.2_L1_linear": [
            "linear-L1: train--4.82559182e-01, train_2--4.82559182e-01, test--6.19243191e-01, test_2--6.19243191e-01, val--4.27146536e-01, val_2--4.27146536e-01"
        ],