{
    "task_type": "RGS",
    "dataset": "pharynx",
    "refit": "full",
    "filter": "m6_p6",
    "time_limit": 3600,
    "best": -137077.4494822048,
    "fixed_ens": {
        "ensemble_selection10": -118237.35727918662,
        "cma_es": -122710.06615672137,
        "stacking-1_0.4_L1_linear": -104710.17826522375,
        "stacking-1_0.4_L2_linear": -95537.6216193484,
        "stacking1000_0.4_L1_linear": -120984.74580056313,
        "stacking1000_0.4_L2_linear": -103588.91163690864,
        "ensemble_selection25": -119719.389331291,
        "EnsOpt": -102957.16886666806,
        "stacking1000_0.4_L1_weighted": -108795.71861555941,
        "stacking-1_0.4_L1_weighted": -106764.48415154948,
        "stacking1000_0.4_L2_weighted": -100889.85574028485,
        "stacking-1_0.4_L2_weighted": -96272.29958403716
    },
    "defopt_ens": {
        "s10_r40_d0": "-117767.30819740982, -126241.12378218278, -139722.28499318162, -104955.5695036511, -119498.28038197894, -139722.28499318162"
    },
    "opt_ens_d0-20": [
        "-104565.14241638323",
        "-104820.50482445266",
        "-105102.89623665753",
        "-105016.64478476052",
        "-105251.92593705849",
        "-105590.05103409762",
        "-105871.46642343786",
        "-106916.47718457172",
        "-107270.75258207343",
        "-106905.08517560152",
        "-107368.82883639625",
        "-109162.77810586955",
        "-112510.06046371504",
        "-118389.43564309989",
        "-139722.28499318162",
        "-105019.0604951871",
        "-103017.92742772761",
        "-109068.3711162898",
        "-105619.32913498717",
        "-103811.55241162125",
        "-106425.38215683617",
        "-101170.52563891432",
        "-105773.38608313828",
        "-111593.2806374099",
        "-106398.08732495544",
        "-106994.19626514008",
        "-103420.04007369452",
        "-105557.14609013822",
        "-104214.53154674862",
        "-139722.28499318162"
    ],
    "size_exp": {
        "stacking5_-1_L1_linear": [
            "linear-L1: train--9.44070446e+04, train_2--9.44070446e+04, test--1.11499118e+05, test_2--1.11499118e+05, val--9.37803130e+04, val_2--9.37803130e+04"
        ],
        "stacking5_0_L1_linear": [
            "linear-L1: train--1.13491665e+05, train_2--1.13491665e+05, test--1.27679392e+05, test_2--1.27679392e+05, val--6.78599541e+04, val_2--6.78599541e+04"
        ],
        "stacking5_0.1_L1_linear": [
            "linear-L1: train--1.01947646e+05, train_2--1.01947646e+05, test--1.20670647e+05, test_2--1.20670647e+05, val--6.47603510e+04, val_2--6.47603510e+04"
        ],
        "stacking5_0.2_L1_linear": [
            "linear-L1: train--9.64119681e+04, train_2--9.64119681e+04, test--1.23684022e+05, test_2--1.23684022e+05, val--6.44791052e+04, val_2--6.44791052e+04"
        ],
        "stacking5_0.3_L1_linear": [
            "linear-L1: train--9.64119681e+04, train_2--9.64119681e+04, test--1.23684022e+05, test_2--1.23684022e+05, val--6.44791052e+04, val_2--6.44791052e+04"
        ],
        "stacking5_0.4_L1_linear": [
            "linear-L1: train--9.63766483e+04, train_2--9.63766483e+04, test--1.25738934e+05, test_2--1.25738934e+05, val--6.47006460e+04, val_2--6.47006460e+04"
        ],
        "stacking10_-1_L1_linear": [
            "linear-L1: train--8.92811416e+04, train_2--8.92811416e+04, test--9.92778137e+04, test_2--9.92778137e+04, val--8.64472366e+04, val_2--8.64472366e+04"
        ],
        "stacking10_0_L1_linear": [
            "linear-L1: train--1.10767633e+05, train_2--1.10767633e+05, test--1.22140834e+05, test_2--1.22140834e+05, val--7.25228633e+04, val_2--7.25228633e+04"
        ],
        "stacking10_0.1_L1_linear": [
            "linear-L1: train--9.64119681e+04, train_2--9.64119681e+04, test--1.23684022e+05, test_2--1.23684022e+05, val--6.44791052e+04, val_2--6.44791052e+04"
        ],
        "stacking10_0.2_L1_linear": [
            "linear-L1: train--9.61644386e+04, train_2--9.61644386e+04, test--1.22849614e+05, test_2--1.22849614e+05, val--6.46035080e+04, val_2--6.46035080e+04"
        ],
        "stacking10_0.3_L1_linear": [
            "linear-L1: train--9.56822517e+04, train_2--9.56822517e+04, test--1.19990844e+05, test_2--1.19990844e+05, val--6.44613259e+04, val_2--6.44613259e+04"
        ],
        "stacking10_0.4_L1_linear": [
            "linear-L1: train--9.57981857e+04, train_2--9.57981857e+04, test--1.22047107e+05, test_2--1.22047107e+05, val--6.42534033e+04, val_2--6.42534033e+04"
        ],
        "stacking20_-1_L1_linear": [
            "linear-L1: train--8.63799483e+04, train_2--8.63799483e+04, test--9.89466510e+04, test_2--9.89466510e+04, val--9.13193880e+04, val_2--9.13193880e+04"
        ],
        "stacking20_0_L1_linear": [
            "linear-L1: train--9.50066919e+04, train_2--9.50066919e+04, test--1.24886397e+05, test_2--1.24886397e+05, val--6.66552185e+04, val_2--6.66552185e+04"
        ],
        "stacking20_0.1_L1_linear": [
            "linear-L1: train--9.45259693e+04, train_2--9.45259693e+04, test--1.20156014e+05, test_2--1.20156014e+05, val--6.57790472e+04, val_2--6.57790472e+04"
        ],
        "stacking20_0.2_L1_linear": [
            "linear-L1: train--9.43520068e+04, train_2--9.43520068e+04, test--1.20467606e+05, test_2--1.20467606e+05, val--6.55975021e+04, val_2--6.55975021e+04"
        ],
        "stacking20_0.3_L1_linear": [
            "linear-L1: train--9.47676302e+04, train_2--9.47676302e+04, test--1.24146569e+05, test_2--1.24146569e+05, val--6.61015287e+04, val_2--6.61015287e+04"
        ],
        "stacking20_0.4_L1_linear": [
            "linear-L1: train--9.03786310e+04, train_2--9.03786310e+04, test--1.13694167e+05, test_2--1.13694167e+05, val--7.13514838e+04, val_2--7.13514838e+04"
        ],
        "stacking30_-1_L1_linear": [
            "linear-L1: train--8.81944694e+04, train_2--8.81944694e+04, test--1.00930867e+05, test_2--1.00930867e+05, val--8.90761685e+04, val_2--8.90761685e+04"
        ],
        "stacking30_0_L1_linear": [
            "linear-L1: train--9.36244889e+04, train_2--9.36244889e+04, test--1.25635000e+05, test_2--1.25635000e+05, val--7.01242010e+04, val_2--7.01242010e+04"
        ],
        "stacking30_0.1_L1_linear": [
            "linear-L1: train--9.30070900e+04, train_2--9.30070900e+04, test--1.23842806e+05, test_2--1.23842806e+05, val--6.53048640e+04, val_2--6.53048640e+04"
        ],
        "stacking30_0.2_L1_linear": [
            "linear-L1: train--8.96668743e+04, train_2--8.96668743e+04, test--1.14709835e+05, test_2--1.14709835e+05, val--7.04828686e+04, val_2--7.04828686e+04"
        ],
        "stacking30_0.3_L1_linear": [
            "linear-L1: train--8.98635910e+04, train_2--8.98635910e+04, test--1.12211264e+05, test_2--1.12211264e+05, val--7.17265199e+04, val_2--7.17265199e+04"
        ],
        "stacking30_0.4_L1_linear": [
            "linear-L1: train--8.98635910e+04, train_2--8.98635910e+04, test--1.12211264e+05, test_2--1.12211264e+05, val--7.17265199e+04, val_2--7.17265199e+04"
        ],
        "stacking40_-1_L1_linear": [
            "linear-L1: train--8.40888124e+04, train_2--8.40888124e+04, test--1.23503103e+05, test_2--1.23503103e+05, val--8.87402003e+04, val_2--8.87402003e+04"
        ],
        "stacking40_0_L1_linear": [
            "linear-L1: train--9.27273849e+04, train_2--9.27273849e+04, test--1.25381691e+05, test_2--1.25381691e+05, val--7.00904037e+04, val_2--7.00904037e+04"
        ],
        "stacking40_0.1_L1_linear": [
            "linear-L1: train--8.95727349e+04, train_2--8.95727349e+04, test--1.16921330e+05, test_2--1.16921330e+05, val--7.14576094e+04, val_2--7.14576094e+04"
        ],
        "stacking40_0.2_L1_linear": [
            "linear-L1: train--8.95175817e+04, train_2--8.95175817e+04, test--1.14576306e+05, test_2--1.14576306e+05, val--7.08620627e+04, val_2--7.08620627e+04"
        ],