{
    "task_type": "RGS",
    "dataset": "pollen",
    "refit": "full",
    "filter": "m6_p6",
    "time_limit": 3600,
    "best": -2.189465267544794,
    "fixed_ens": {
        "ensemble_selection10": -2.190883584066676,
        "cma_es": -2.169682061013274,
        "stacking-1_0.4_L1_linear": -2.178282905304385,
        "stacking-1_0.4_L2_linear": -2.16372555753077,
        "stacking1000_0.4_L1_linear": -2.3033411597660134,
        "stacking1000_0.4_L2_linear": -2.293353942119495,
        "ensemble_selection25": -2.1746992525872995,
        "EnsOpt": -2.1623068149707763,
        "stacking1000_0.4_L1_weighted": -2.166595228169743,
        "stacking-1_0.4_L1_weighted": -2.1858470121243285,
        "stacking1000_0.4_L2_weighted": -2.1371641655908187,
        "stacking-1_0.4_L2_weighted": -2.172636119067619
    },
    "defopt_ens": {
        "s10_r40_d0": "-2.205181925323436, -2.20870772643884, -2.2123637829742666, -2.2040707319615174, -2.210372694377357, -2.2123637829742666"
    },
    "opt_ens_d0-20": [
        "-2.195535982715658",
        "-2.1956276065887876",
        "-2.199763023594777",
        "-2.198655987714602",
        "-2.1986887664794224",
        "-2.198606160619733",
        "-2.198344413677233",
        "-2.1988296597647317",
        "-2.198743130906579",
        "-2.1997544987991664",
        "-2.198534375654453",
        "-2.198392302317475",
        "-2.1980557019142513",
        "-2.1984694642773586",
        "-2.2000283080123824",
        "-2.1958759139219004",
        "-2.1557917580700563",
        "-2.2167263394504193",
        "-2.1988107163585635",
        "-2.1999447362922466",
        "-2.2029038263663057",
        "-2.1958759139219004",
        "-2.2000283080123824",
        "-2.1941114715518952",
        "-2.208340703442032",
        "-2.200042692111063",
        "-2.1999447362922466",
        "-2.1973869555108863",
        "-2.1973869555108863",
        "-2.2000283080123824"
    ],
    "size_exp": {
        "stacking5_-1_L1_linear": [
            "linear-L1: train--2.04433177e+00, train_2--2.04433177e+00, test--2.18645217e+00, test_2--2.18645217e+00, val--1.94584170e+00, val_2--1.94584170e+00"
        ],
        "stacking5_0_L1_linear": [
            "linear-L1: train--2.03412868e+00, train_2--2.03412868e+00, test--2.18387389e+00, test_2--2.18387389e+00, val--1.94451068e+00, val_2--1.94451068e+00"
        ],
        "stacking5_0.1_L1_linear": [
            "linear-L1: train--2.28794640e+00, train_2--2.28794640e+00, test--2.31955045e+00, test_2--2.31955045e+00, val--2.00362626e+00, val_2--2.00362626e+00"
        ],
        "stacking5_0.2_L1_linear": [
            "linear-L1: train--2.28794640e+00, train_2--2.28794640e+00, test--2.31955045e+00, test_2--2.31955045e+00, val--2.00362626e+00, val_2--2.00362626e+00"
        ],
        "stacking5_0.3_L1_linear": [
            "linear-L1: train--2.26521331e+00, train_2--2.26521331e+00, test--2.34139692e+00, test_2--2.34139692e+00, val--1.97937361e+00, val_2--1.97937361e+00"
        ],
        "stacking5_0.4_L1_linear": [
            "linear-L1: train--2.26521331e+00, train_2--2.26521331e+00, test--2.34139692e+00, test_2--2.34139692e+00, val--1.97937361e+00, val_2--1.97937361e+00"
        ],
        "stacking10_-1_L1_linear": [
            "linear-L1: train--2.02952778e+00, train_2--2.02952778e+00, test--2.17989909e+00, test_2--2.17989909e+00, val--1.94918151e+00, val_2--1.94918151e+00"
        ],
        "stacking10_0_L1_linear": [
            "linear-L1: train--2.03396108e+00, train_2--2.03396108e+00, test--2.18463848e+00, test_2--2.18463848e+00, val--1.94502513e+00, val_2--1.94502513e+00"
        ],
        "stacking10_0.1_L1_linear": [
            "linear-L1: train--2.03251100e+00, train_2--2.03251100e+00, test--2.18445281e+00, test_2--2.18445281e+00, val--1.94226079e+00, val_2--1.94226079e+00"
        ],
        "stacking10_0.2_L1_linear": [
            "linear-L1: train--2.19096194e+00, train_2--2.19096194e+00, test--2.28072363e+00, test_2--2.28072363e+00, val--1.96842620e+00, val_2--1.96842620e+00"
        ],
        "stacking10_0.3_L1_linear": [
            "linear-L1: train--2.19096194e+00, train_2--2.19096194e+00, test--2.28072363e+00, test_2--2.28072363e+00, val--1.96842620e+00, val_2--1.96842620e+00"
        ],
        "stacking10_0.4_L1_linear": [
            "linear-L1: train--2.20525175e+00, train_2--2.20525175e+00, test--2.26747366e+00, test_2--2.26747366e+00, val--1.96480839e+00, val_2--1.96480839e+00"
        ],
        "stacking20_-1_L1_linear": [
            "linear-L1: train--2.02477356e+00, train_2--2.02477356e+00, test--2.18016219e+00, test_2--2.18016219e+00, val--1.94740056e+00, val_2--1.94740056e+00"
        ],
        "stacking20_0_L1_linear": [
            "linear-L1: train--2.03316740e+00, train_2--2.03316740e+00, test--2.18492157e+00, test_2--2.18492157e+00, val--1.94728671e+00, val_2--1.94728671e+00"
        ],
        "stacking20_0.1_L1_linear": [
            "linear-L1: train--2.02967740e+00, train_2--2.02967740e+00, test--2.18264779e+00, test_2--2.18264779e+00, val--1.94527835e+00, val_2--1.94527835e+00"
        ],
        "stacking20_0.2_L1_linear": [
            "linear-L1: train--2.02952994e+00, train_2--2.02952994e+00, test--2.18092196e+00, test_2--2.18092196e+00, val--1.94390390e+00, val_2--1.94390390e+00"
        ],
        "stacking20_0.3_L1_linear": [
            "linear-L1: train--2.02952994e+00, train_2--2.02952994e+00, test--2.18092196e+00, test_2--2.18092196e+00, val--1.94390390e+00, val_2--1.94390390e+00"
        ],
        "stacking20_0.4_L1_linear": [
            "linear-L1: train--2.03044905e+00, train_2--2.03044905e+00, test--2.17774288e+00, test_2--2.17774288e+00, val--1.94232133e+00, val_2--1.94232133e+00"
        ],
        "stacking30_-1_L1_linear": [
            "linear-L1: train--2.02950521e+00, train_2--2.02950521e+00, test--2.18093465e+00, test_2--2.18093465e+00, val--1.95055508e+00, val_2--1.95055508e+00"
        ],
        "stacking30_0_L1_linear": [
            "linear-L1: train--2.03316740e+00, train_2--2.03316740e+00, test--2.18492157e+00, test_2--2.18492157e+00, val--1.94728671e+00, val_2--1.94728671e+00"
        ],
        "stacking30_0.1_L1_linear": [
            "linear-L1: train--2.02967740e+00, train_2--2.02967740e+00, test--2.18264779e+00, test_2--2.18264779e+00, val--1.94527835e+00, val_2--1.94527835e+00"
        ],
        "stacking30_0.2_L1_linear": [
            "linear-L1: train--2.02952994e+00, train_2--2.02952994e+00, test--2.18092196e+00, test_2--2.18092196e+00, val--1.94390390e+00, val_2--1.94390390e+00"
        ],
        "stacking30_0.3_L1_linear": [
            "linear-L1: train--2.02952994e+00, train_2--2.02952994e+00, test--2.18092196e+00, test_2--2.18092196e+00, val--1.94390390e+00, val_2--1.94390390e+00"
        ],
        "stacking30_0.4_L1_linear": [
            "linear-L1: train--2.02936012e+00, train_2--2.02936012e+00, test--2.17998037e+00, test_2--2.17998037e+00, val--1.94366372e+00, val_2--1.94366372e+00"
        ],
        "stacking40_-1_L1_linear": [
            "linear-L1: train--2.02785851e+00, train_2--2.02785851e+00, test--2.17790266e+00, test_2--2.17790266e+00, val--1.94375249e+00, val_2--1.94375249e+00"
        ],
        "stacking40_0_L1_linear": [
            "linear-L1: train--2.03263775e+00, train_2--2.03263775e+00, test--2.18235841e+00, test_2--2.18235841e+00, val--1.94813591e+00, val_2--1.94813591e+00"
        ],
        "stacking40_0.1_L1_linear": [
            "linear-L1: train--2.02947305e+00, train_2--2.02947305e+00, test--2.18413832e+00, test_2--2.18413832e+00, val--1.94535353e+00, val_2--1.94535353e+00"
        ],
        "stacking40_0.2_L1_linear": [
            "linear-L1: train--2.02934608e+00, train_2--2.02934608e+00, test--2.18247986e+00, test_2--2.18247986e+00, val--1.94403519e+00, val_2--1.94403519e+00"
        ],