{
    "task_type": "RGS",
    "dataset": "puma8NH",
    "refit": "full",
    "filter": "m6_p6",
    "time_limit": 3600,
    "best": -10.024994484971076,
    "fixed_ens": {
        "ensemble_selection10": -9.822304966864793,
        "cma_es": -9.87289925098263,
        "stacking-1_0.4_L1_linear": -9.850842144062907,
        "stacking-1_0.4_L2_linear": -9.80419905805752,
        "stacking1000_0.4_L1_linear": -9.892232869145356,
        "stacking1000_0.4_L2_linear": -9.799268932797892,
        "ensemble_selection25": -9.82391997359794,
        "EnsOpt": -10.54024752351683,
        "stacking1000_0.4_L1_weighted": -9.832979098412814,
        "stacking-1_0.4_L1_weighted": -9.897681769106846,
        "stacking1000_0.4_L2_weighted": -9.7711447950553,
        "stacking-1_0.4_L2_weighted": -9.806334381706648
    },
    "defopt_ens": {
        "s10_r40_d0": "-9.882697769821444, -9.869036896742728, -9.903956238507224, -9.915329633823033, -9.842673243019862, -9.903956238507224"
    },
    "opt_ens_d0-20": [
        "-9.841624004865436",
        "-9.846021979105426",
        "-9.851273911030976",
        "-9.852268548657243",
        "-9.854892232243625",
        "-9.866173766347005",
        "-9.866830500795682",
        "-9.865874611317752",
        "-9.85648372387157",
        "-9.856505145813601",
        "-9.853896994483495",
        "-9.848572930487371",
        "-9.863264953354006",
        "-9.850917778478282",
        "-9.850917778478282",
        "-9.79489738345642",
        "-9.795169808079855",
        "-9.843894385570058",
        "-9.829790845699666",
        "-9.777902535600582",
        "-9.862084617664333",
        "-9.87626209010682",
        "-9.942007310420555",
        "-9.857580550782838",
        "-9.871177539302915",
        "-9.880592691029761",
        "-9.811684247382901",
        "-9.895784443362608",
        "-9.850917778478282",
        "-9.850917778478282"
    ],
    "size_exp": {
        "stacking5_-1_L1_linear": [
            "linear-L1: train--9.84918744e+00, train_2--9.84918744e+00, test--1.00133937e+01, test_2--1.00133937e+01, val--1.05145952e+01, val_2--1.05145952e+01"
        ],
        "stacking5_0_L1_linear": [
            "linear-L1: train--9.91108872e+00, train_2--9.91108872e+00, test--1.00242432e+01, test_2--1.00242432e+01, val--1.05322624e+01, val_2--1.05322624e+01"
        ],
        "stacking5_0.1_L1_linear": [
            "linear-L1: train--9.85289093e+00, train_2--9.85289093e+00, test--1.00015873e+01, test_2--1.00015873e+01, val--1.04567189e+01, val_2--1.04567189e+01"
        ],
        "stacking5_0.2_L1_linear": [
            "linear-L1: train--9.83752518e+00, train_2--9.83752518e+00, test--9.95170318e+00, test_2--9.95170318e+00, val--1.04330541e+01, val_2--1.04330541e+01"
        ],
        "stacking5_0.3_L1_linear": [
            "linear-L1: train--9.84564698e+00, train_2--9.84564698e+00, test--9.96441220e+00, test_2--9.96441220e+00, val--1.04156354e+01, val_2--1.04156354e+01"
        ],
        "stacking5_0.4_L1_linear": [
            "linear-L1: train--9.90354469e+00, train_2--9.90354469e+00, test--9.96611845e+00, test_2--9.96611845e+00, val--1.04532869e+01, val_2--1.04532869e+01"
        ],
        "stacking10_-1_L1_linear": [
            "linear-L1: train--9.90757517e+00, train_2--9.90757517e+00, test--9.96591996e+00, test_2--9.96591996e+00, val--1.05023172e+01, val_2--1.05023172e+01"
        ],
        "stacking10_0_L1_linear": [
            "linear-L1: train--9.90350587e+00, train_2--9.90350587e+00, test--1.00239499e+01, test_2--1.00239499e+01, val--1.05386577e+01, val_2--1.05386577e+01"
        ],
        "stacking10_0.1_L1_linear": [
            "linear-L1: train--9.84487901e+00, train_2--9.84487901e+00, test--1.00028408e+01, test_2--1.00028408e+01, val--1.04554506e+01, val_2--1.04554506e+01"
        ],
        "stacking10_0.2_L1_linear": [
            "linear-L1: train--9.82962277e+00, train_2--9.82962277e+00, test--9.94539440e+00, test_2--9.94539440e+00, val--1.04339919e+01, val_2--1.04339919e+01"
        ],
        "stacking10_0.3_L1_linear": [
            "linear-L1: train--9.82763619e+00, train_2--9.82763619e+00, test--9.92786607e+00, test_2--9.92786607e+00, val--1.04230236e+01, val_2--1.04230236e+01"
        ],
        "stacking10_0.4_L1_linear": [
            "linear-L1: train--9.82585680e+00, train_2--9.82585680e+00, test--9.91956447e+00, test_2--9.91956447e+00, val--1.04215881e+01, val_2--1.04215881e+01"
        ],
        "stacking20_-1_L1_linear": [
            "linear-L1: train--9.80933632e+00, train_2--9.80933632e+00, test--9.89902536e+00, test_2--9.89902536e+00, val--1.04742737e+01, val_2--1.04742737e+01"
        ],
        "stacking20_0_L1_linear": [
            "linear-L1: train--9.89255376e+00, train_2--9.89255376e+00, test--1.00284755e+01, test_2--1.00284755e+01, val--1.05245414e+01, val_2--1.05245414e+01"
        ],
        "stacking20_0.1_L1_linear": [
            "linear-L1: train--9.82994828e+00, train_2--9.82994828e+00, test--9.99250039e+00, test_2--9.99250039e+00, val--1.04534208e+01, val_2--1.04534208e+01"
        ],
        "stacking20_0.2_L1_linear": [
            "linear-L1: train--9.81450380e+00, train_2--9.81450380e+00, test--9.92652205e+00, test_2--9.92652205e+00, val--1.04267454e+01, val_2--1.04267454e+01"
        ],
        "stacking20_0.3_L1_linear": [
            "linear-L1: train--9.81425015e+00, train_2--9.81425015e+00, test--9.90726780e+00, test_2--9.90726780e+00, val--1.04192256e+01, val_2--1.04192256e+01"
        ],
        "stacking20_0.4_L1_linear": [
            "linear-L1: train--9.81274697e+00, train_2--9.81274697e+00, test--9.89983834e+00, test_2--9.89983834e+00, val--1.04182853e+01, val_2--1.04182853e+01"
        ],
        "stacking30_-1_L1_linear": [
            "linear-L1: train--9.80741912e+00, train_2--9.80741912e+00, test--9.91603354e+00, test_2--9.91603354e+00, val--1.04781527e+01, val_2--1.04781527e+01"
        ],
        "stacking30_0_L1_linear": [
            "linear-L1: train--9.85898363e+00, train_2--9.85898363e+00, test--9.98115129e+00, test_2--9.98115129e+00, val--1.04767618e+01, val_2--1.04767618e+01"
        ],
        "stacking30_0.1_L1_linear": [
            "linear-L1: train--9.82864943e+00, train_2--9.82864943e+00, test--1.00001978e+01, test_2--1.00001978e+01, val--1.04550494e+01, val_2--1.04550494e+01"
        ],
        "stacking30_0.2_L1_linear": [
            "linear-L1: train--9.80832504e+00, train_2--9.80832504e+00, test--9.93698855e+00, test_2--9.93698855e+00, val--1.04321314e+01, val_2--1.04321314e+01"
        ],
        "stacking30_0.3_L1_linear": [
            "linear-L1: train--9.80485158e+00, train_2--9.80485158e+00, test--9.92299939e+00, test_2--9.92299939e+00, val--1.04248054e+01, val_2--1.04248054e+01"
        ],
        "stacking30_0.4_L1_linear": [
            "linear-L1: train--9.80742429e+00, train_2--9.80742429e+00, test--9.89958926e+00, test_2--9.89958926e+00, val--1.04168111e+01, val_2--1.04168111e+01"
        ],
        "stacking40_-1_L1_linear": [
            "linear-L1: train--9.81481068e+00, train_2--9.81481068e+00, test--9.91729476e+00, test_2--9.91729476e+00, val--1.04361571e+01, val_2--1.04361571e+01"
        ],
        "stacking40_0_L1_linear": [
            "linear-L1: train--9.85832853e+00, train_2--9.85832853e+00, test--9.98121933e+00, test_2--9.98121933e+00, val--1.04753901e+01, val_2--1.04753901e+01"
        ],
        "stacking40_0.1_L1_linear": [
            "linear-L1: train--9.82801462e+00, train_2--9.82801462e+00, test--9.99291224e+00, test_2--9.99291224e+00, val--1.04518970e+01, val_2--1.04518970e+01"
        ],
        "stacking40_0.2_L1_linear": [
            "linear-L1: train--9.80553254e+00, train_2--9.80553254e+00, test--9.92858122e+00, test_2--9.92858122e+00, val--1.04245209e+01, val_2--1.04245209e+01"
        ],