{
    "task_type": "RGS",
    "dataset": "SMRA",
    "refit": "full",
    "filter": "m6_p6",
    "time_limit": 3600,
    "best": -1.9778712108494448e-10,
    "fixed_ens": {
        "ensemble_selection10": -7.156823221559195e-09,
        "cma_es": -1.9060404071449584e-10,
        "stacking-1_0.4_L1_linear": -4.4325801267009596e-08,
        "stacking-1_0.4_L2_linear": -2.1622376083565446e-07,
        "ensemble_selection25": -5.675054949430912e-09,
        "EnsOpt": -49.318728666019666,
        "stacking1000_0.4_L1_weighted": -6.58666749987406e-09,
        "stacking-1_0.4_L1_weighted": -8.074683664586366e-08,
        "stacking1000_0.4_L2_weighted": -1.1655142370307405,
        "stacking-1_0.4_L2_weighted": -4.542533719993208e-08,
        "stacking1000_0.4_L1_linear": -4.445729369093895e-09,
        "stacking1000_0.4_L2_linear": -1.3544940187559564,
        "autogluon-": 0.014964201307535358
    },
    "size_exp": {
        "stacking5_-1_L1_linear": [
            "linear-L1: train--0.80877, train_2--0.80877, test--0.74319, test_2--0.74319, val--0.72965, val_2--0.72965"
        ],
        "stacking5_0_L1_linear": [
            "linear-L1: train--0.00000, train_2--0.00000, test--0.00000, test_2--0.00000, val--0.00000, val_2--0.00000"
        ]
    }
}