{
    "task_type": "RGS",
    "dataset": "wisconsin",
    "refit": "full",
    "filter": "m6_p6",
    "time_limit": 3600,
    "best": -1317.755405231175,
    "fixed_ens": {
        "ensemble_selection10": -1372.964590376001,
        "cma_es": -1349.9367106233587,
        "stacking-1_0.4_L1_linear": -1178.0648756968778,
        "stacking-1_0.4_L2_linear": -1264.055257089263,
        "stacking1000_0.4_L1_linear": -1316.632635544147,
        "stacking1000_0.4_L2_linear": -1364.0915075153873,
        "ensemble_selection25": -1345.6555743829922,
        "EnsOpt": -1257.5956411549935,
        "stacking1000_0.4_L1_weighted": -1264.0822204896856,
        "stacking-1_0.4_L1_weighted": -1156.3383603840896,
        "stacking1000_0.4_L2_weighted": -1221.8175467793455,
        "stacking-1_0.4_L2_weighted": -1303.5365788964546
    },
    "defopt_ens": {
        "s10_r40_d0": "-1370.3612931144032, -1449.018996054675, -1484.6777679994445, -1282.007665855121, -1418.789097184176, -1484.6777679994445"
    },
    "opt_ens_d0-20": [
        "-1315.5764774116342",
        "-1314.410677639517",
        "-1314.8995272242528",
        "-1315.7620074863808",
        "-1319.3151125207467",
        "-1313.0507400316815",
        "-1311.8046307519942",
        "-1308.7700631271805",
        "-1319.8353814301024",
        "-1334.430331839889",
        "-1342.6332618360254",
        "-1355.821002210996",
        "-1380.1561571846562",
        "-1437.6599209396343",
        "-1398.3327299800324",
        "-1486.8709419128443",
        "-1486.8709419128443",
        "-1343.2942744367679",
        "-1434.505711179723",
        "-1417.1250611742419",
        "-1346.7819847424314",
        "-1381.3375379832114",
        "-1415.4862573801952",
        "-1428.3471226400816",
        "-1300.4824449053338",
        "-1300.4824449053338",
        "-1300.4824449053338",
        "-1300.4824449053338",
        "-1511.5689302060273",
        "-1398.3327299800324"
    ],
    "size_exp": {
        "stacking5_-1_L1_linear": [
            "linear-L1: train--9.01454493e+02, train_2--9.01454493e+02, test--1.11490033e+03, test_2--1.11490033e+03, val--1.01856608e+03, val_2--1.01856608e+03"
        ],
        "stacking5_0_L1_linear": [
            "linear-L1: train--1.07639045e+03, train_2--1.07639045e+03, test--1.32120876e+03, test_2--1.32120876e+03, val--9.33213067e+02, val_2--9.33213067e+02"
        ],
        "stacking5_0.1_L1_linear": [
            "linear-L1: train--9.74416702e+02, train_2--9.74416702e+02, test--1.39951732e+03, test_2--1.39951732e+03, val--9.65842994e+02, val_2--9.65842994e+02"
        ],
        "stacking5_0.2_L1_linear": [
            "linear-L1: train--9.49495081e+02, train_2--9.49495081e+02, test--1.30218538e+03, test_2--1.30218538e+03, val--9.44694051e+02, val_2--9.44694051e+02"
        ],
        "stacking5_0.3_L1_linear": [
            "linear-L1: train--9.49495081e+02, train_2--9.49495081e+02, test--1.30218538e+03, test_2--1.30218538e+03, val--9.44694051e+02, val_2--9.44694051e+02"
        ],
        "stacking5_0.4_L1_linear": [
            "linear-L1: train--9.49495081e+02, train_2--9.49495081e+02, test--1.30218538e+03, test_2--1.30218538e+03, val--9.44694051e+02, val_2--9.44694051e+02"
        ],
        "stacking10_-1_L1_linear": [
            "linear-L1: train--9.24056204e+02, train_2--9.24056204e+02, test--1.11319285e+03, test_2--1.11319285e+03, val--1.03032939e+03, val_2--1.03032939e+03"
        ],
        "stacking10_0_L1_linear": [
            "linear-L1: train--1.07639045e+03, train_2--1.07639045e+03, test--1.32120876e+03, test_2--1.32120876e+03, val--9.33213067e+02, val_2--9.33213067e+02"
        ],
        "stacking10_0.1_L1_linear": [
            "linear-L1: train--9.74416702e+02, train_2--9.74416702e+02, test--1.39951732e+03, test_2--1.39951732e+03, val--9.65842994e+02, val_2--9.65842994e+02"
        ],
        "stacking10_0.2_L1_linear": [
            "linear-L1: train--9.38700619e+02, train_2--9.38700619e+02, test--1.31974057e+03, test_2--1.31974057e+03, val--9.36071580e+02, val_2--9.36071580e+02"
        ],
        "stacking10_0.3_L1_linear": [
            "linear-L1: train--9.32581670e+02, train_2--9.32581670e+02, test--1.28542099e+03, test_2--1.28542099e+03, val--9.36761222e+02, val_2--9.36761222e+02"
        ],
        "stacking10_0.4_L1_linear": [
            "linear-L1: train--9.32581670e+02, train_2--9.32581670e+02, test--1.28542099e+03, test_2--1.28542099e+03, val--9.36761222e+02, val_2--9.36761222e+02"
        ],
        "stacking20_-1_L1_linear": [
            "linear-L1: train--8.58888307e+02, train_2--8.58888307e+02, test--1.20058115e+03, test_2--1.20058115e+03, val--9.84593533e+02, val_2--9.84593533e+02"
        ],
        "stacking20_0_L1_linear": [
            "linear-L1: train--1.07540863e+03, train_2--1.07540863e+03, test--1.32235647e+03, test_2--1.32235647e+03, val--9.32479675e+02, val_2--9.32479675e+02"
        ],
        "stacking20_0.1_L1_linear": [
            "linear-L1: train--9.74416702e+02, train_2--9.74416702e+02, test--1.39951732e+03, test_2--1.39951732e+03, val--9.65842994e+02, val_2--9.65842994e+02"
        ],
        "stacking20_0.2_L1_linear": [
            "linear-L1: train--9.38700619e+02, train_2--9.38700619e+02, test--1.31974057e+03, test_2--1.31974057e+03, val--9.36071580e+02, val_2--9.36071580e+02"
        ],
        "stacking20_0.3_L1_linear": [
            "linear-L1: train--9.32577980e+02, train_2--9.32577980e+02, test--1.28520883e+03, test_2--1.28520883e+03, val--9.36705689e+02, val_2--9.36705689e+02"
        ],
        "stacking20_0.4_L1_linear": [
            "linear-L1: train--9.32577980e+02, train_2--9.32577980e+02, test--1.28520883e+03, test_2--1.28520883e+03, val--9.36705689e+02, val_2--9.36705689e+02"
        ],
        "stacking30_-1_L1_linear": [
            "linear-L1: train--8.95514978e+02, train_2--8.95514978e+02, test--1.14878695e+03, test_2--1.14878695e+03, val--1.02488477e+03, val_2--1.02488477e+03"
        ],
        "stacking30_0_L1_linear": [
            "linear-L1: train--1.07360373e+03, train_2--1.07360373e+03, test--1.32310645e+03, test_2--1.32310645e+03, val--9.32261985e+02, val_2--9.32261985e+02"
        ],
        "stacking30_0.1_L1_linear": [
            "linear-L1: train--9.73700069e+02, train_2--9.73700069e+02, test--1.39793013e+03, test_2--1.39793013e+03, val--9.66792625e+02, val_2--9.66792625e+02"
        ],
        "stacking30_0.2_L1_linear": [
            "linear-L1: train--9.38039688e+02, train_2--9.38039688e+02, test--1.31860354e+03, test_2--1.31860354e+03, val--9.36197566e+02, val_2--9.36197566e+02"
        ],
        "stacking30_0.3_L1_linear": [
            "linear-L1: train--9.32123895e+02, train_2--9.32123895e+02, test--1.28503193e+03, test_2--1.28503193e+03, val--9.36524037e+02, val_2--9.36524037e+02"
        ],
        "stacking30_0.4_L1_linear": [
            "linear-L1: train--9.31735945e+02, train_2--9.31735945e+02, test--1.28291915e+03, test_2--1.28291915e+03, val--9.35907407e+02, val_2--9.35907407e+02"
        ],
        "stacking40_-1_L1_linear": [
            "linear-L1: train--8.78103808e+02, train_2--8.78103808e+02, test--1.16279545e+03, test_2--1.16279545e+03, val--1.00256993e+03, val_2--1.00256993e+03"
        ],
        "stacking40_0_L1_linear": [
            "linear-L1: train--1.07359576e+03, train_2--1.07359576e+03, test--1.32348328e+03, test_2--1.32348328e+03, val--9.32551048e+02, val_2--9.32551048e+02"
        ],
        "stacking40_0.1_L1_linear": [
            "linear-L1: train--9.73700069e+02, train_2--9.73700069e+02, test--1.39793013e+03, test_2--1.39793013e+03, val--9.66792625e+02, val_2--9.66792625e+02"
        ],
        "stacking40_0.2_L1_linear": [
            "linear-L1: train--9.38039688e+02, train_2--9.38039688e+02, test--1.31860354e+03, test_2--1.31860354e+03, val--9.36197566e+02, val_2--9.36197566e+02"
        ],