{
    "task_type": "CLS",
    "dataset": "hypothyroid(1)",
    "refit": "full",
    "filter": "m6_p6",
    "time_limit": 3600,
    "best": 0.9920529801324504,
    "fixed_ens": {
        "OptDivBO": 0.9933774834437086,
        "EnsOpt": 0.9920529801324504,
        "stacking-1_0.4_L1_linear": 0.9960264900662251,
        "stacking-1_0.4_L2_linear": 0.9960264900662251,
        "stacking1000_0.4_L1_linear": 0.9960264900662251,
        "stacking1000_0.4_L2_linear": 0.9960264900662251,
        "ensemble_selection25": 0.9960264900662251,
        "stacking1000_0.4_L1_weighted": 0.9960264900662251,
        "stacking-1_0.4_L1_weighted": 0.9960264900662251,
        "stacking1000_0.4_L2_weighted": 0.9960264900662251,
        "stacking-1_0.4_L2_weighted": 0.9960264900662251
    }
}