{
    "task_type": "CLS",
    "dataset": "hypothyroid(1)",
    "refit": "full",
    "filter": "m6_p6",
    "time_limit": 3600,
    "best": 0.9920529801324504,
    "fixed_ens": {
        "OptDivBO": 0.9933774834437086,
        "EnsOpt": 0.9920529801324504,
        "stacking-1_0.4_L1_linear": 0.9960264900662251,
        "stacking-1_0.4_L2_linear": 0.9960264900662251,
        "stacking1000_0.4_L1_linear": 0.9960264900662251,
        "stacking1000_0.4_L2_linear": 0.9960264900662251,
        "ensemble_selection25": 0.9960264900662251,
        "stacking1000_0.4_L1_weighted": 0.9960264900662251,
        "stacking-1_0.4_L1_weighted": 0.9960264900662251,
        "stacking1000_0.4_L2_weighted": 0.9960264900662251,
        "stacking-1_0.4_L2_weighted": 0.9960264900662251,
        "autogluon-": 0.9960264900662251
    },
    "diversity_exp": {
        "stacking30_0": [
            29.883534136546192,
            0.2291458098688517,
            4.975396648397146
        ],
        "stacking30_0.05": [
            29.875502008032136,
            0.23608076859337132,
            4.854203923885418
        ],
        "stacking30_0.1": [
            29.872489959839363,
            0.243154202360232,
            4.820269249019874
        ],
        "stacking30_0.15": [
            29.870481927710852,
            0.24818314317188786,
            4.8047237097134765
        ],
        "stacking30_0.2": [
            29.870481927710852,
            0.24818314317188786,
            4.8047237097134765
        ],
        "stacking30_0.25": [
            29.868473895582337,
            0.251227730154522,
            4.780004675614323
        ],
        "stacking30_0.3": [
            29.868473895582337,
            0.251227730154522,
            4.7800046756143235
        ],
        "stacking30_0.35": [
            29.868473895582337,
            0.251227730154522,
            4.780004675614323
        ],
        "stacking30_0.4": [
            29.8574297188755,
            0.2696526251497186,
            4.725436063891302
        ],
        "stacking30_0.45": [
            29.848393574297184,
            0.29068777867819945,
            4.697872423531273
        ],
        "stacking30_0.49": [
            29.848393574297184,
            0.29068777867819945,
            4.697872423531273
        ]
    },
    "diversityavg_exp": {
        "stacking30_0": [
            29.883534136546192,
            0.2291458098688517,
            4.975396648397146
        ],
        "stacking30_0.05": [
            29.883534136546192,
            0.22914580986885166,
            4.975396648397146
        ],
        "stacking30_0.1": [
            29.883534136546192,
            0.22914580986885166,
            4.975396648397146
        ],
        "stacking30_0.15": [
            29.883534136546192,
            0.22993751380677394,
            4.932302389791919
        ],
        "stacking30_0.2": [
            29.879518072289162,
            0.23112017243129057,
            4.913844060433169
        ],
        "stacking30_0.25": [
            29.879518072289162,
            0.2311201724312906,
            4.913844060433169
        ],
        "stacking30_0.3": [
            29.879518072289162,
            0.23112017243129057,
            4.913844060433169
        ],
        "stacking30_0.35": [
            29.879518072289162,
            0.23112017243129057,
            4.913844060433168
        ],
        "stacking30_0.4": [
            29.879518072289162,
            0.23112017243129057,
            4.913844060433168
        ],
        "stacking30_0.45": [
            29.879518072289162,
            0.2311201724312906,
            4.913844060433169
        ],
        "stacking30_0.49": [
            29.87851405622491,
            0.2338089415485676,
            4.884921705534132
        ]
    }
}