{
    "task_type": "CLS",
    "dataset": "lymphography",
    "refit": "full",
    "filter": "m6_p6",
    "time_limit": 3600,
    "best": 0.8666666666666667,
    "fixed_ens": {
        "OptDivBO": 0.8,
        "stacking-1_0.4_L1_linear": 0.8666666666666667,
        "stacking-1_0.4_L2_linear": 0.8333333333333334,
        "stacking1000_0.4_L1_linear": 0.7666666666666667,
        "stacking1000_0.4_L2_linear": 0.8333333333333334,
        "ensemble_selection25": 0.9,
        "EnsOpt": 0.8333333333333334,
        "stacking1000_0.4_L1_weighted": 0.8666666666666667,
        "stacking-1_0.4_L1_weighted": 0.8333333333333334,
        "stacking1000_0.4_L2_weighted": 0.8333333333333334,
        "stacking-1_0.4_L2_weighted": 0.8666666666666667,
        "autogluon-": 0.868994575530277
    },
    "diversity_exp": {
        "stacking30_0": [
            28.41025641025641,
            4.752362645286832,
            136.3825505441011
        ],
        "stacking30_0.05": [
            27.30769230769231,
            5.774784750927464,
            99.89104776177578
        ],
        "stacking30_0.1": [
            26.871794871794872,
            6.377925503418858,
            99.98018644123073
        ],
        "stacking30_0.15": [
            26.692307692307697,
            6.51729841859729,
            100.53156976237912
        ],
        "stacking30_0.2": [
            26.53846153846154,
            6.731818423573016,
            99.85520225246617
        ],
        "stacking30_0.25": [
            26.53846153846154,
            6.731818423573016,
            99.85520225246616
        ],
        "stacking30_0.3": [
            26.53846153846154,
            6.731818423573016,
            99.85520225246617
        ],
        "stacking30_0.35": [
            26.58974358974359,
            6.692931832441112,
            97.932170205274
        ],
        "stacking30_0.4": [
            26.743589743589748,
            6.480787518258472,
            96.91301477660511
        ],
        "stacking30_0.45": [
            26.743589743589748,
            6.480787518258471,
            96.91301477660511
        ],
        "stacking30_0.49": [
            26.743589743589748,
            6.480787518258471,
            96.91301477660511
        ]
    },
    "diversityavg_exp": {
        "stacking30_0": [
            28.41025641025641,
            4.752362645286832,
            136.3825505441011
        ],
        "stacking30_0.05": [
            28.41025641025641,
            4.752362645286832,
            136.38255054410106
        ],
        "stacking30_0.1": [
            28.41025641025641,
            4.752362645286832,
            136.38255054410104
        ],
        "stacking30_0.15": [
            28.41025641025641,
            4.752362645286833,
            136.38255054410106
        ],
        "stacking30_0.2": [
            28.435897435897434,
            4.756719481907855,
            136.90941584486194
        ],
        "stacking30_0.25": [
            28.435897435897434,
            4.756719481907855,
            136.90941584486194
        ],
        "stacking30_0.3": [
            28.435897435897434,
            4.759652936295973,
            136.95684162571806
        ],
        "stacking30_0.35": [
            28.333333333333332,
            4.780553133189702,
            134.20129265795987
        ],
        "stacking30_0.4": [
            28.333333333333332,
            4.785016656368473,
            134.33492677069322
        ],
        "stacking30_0.45": [
            28.307692307692307,
            4.796356345598215,
            134.54196143215245
        ],
        "stacking30_0.49": [
            28.28205128205128,
            4.806132724845417,
            134.66704633111212
        ]
    }
}