{
    "task_type": "CLS",
    "dataset": "nursery",
    "refit": "full",
    "filter": "m6_p6",
    "time_limit": 3600,
    "best": 0.9992283950617284,
    "fixed_ens": {
        "OptDivBO": 0.9930555555555556,
        "stacking-1_0.4_L1_linear": 1.0,
        "stacking-1_0.4_L2_linear": 1.0,
        "stacking1000_0.4_L1_linear": 1.0,
        "stacking1000_0.4_L2_linear": 1.0,
        "ensemble_selection25": 1.0,
        "EnsOpt": 0.9992283950617284,
        "stacking1000_0.4_L1_weighted": 1.0,
        "stacking-1_0.4_L1_weighted": 1.0,
        "stacking1000_0.4_L2_weighted": 1.0,
        "stacking-1_0.4_L2_weighted": 1.0,
        "autogluon-": 1.0
    },
    "diversity_exp": {
        "stacking30_0": [
            29.936294564582116,
            0.14291565085397884,
            1.724761618042986
        ],
        "stacking30_0.05": [
            29.925774400935122,
            0.1503954049013509,
            1.4747078203245993
        ],
        "stacking30_0.1": [
            29.925774400935122,
            0.1503954049013509,
            1.4747078203245991
        ],
        "stacking30_0.15": [
            29.925774400935122,
            0.1503954049013509,
            1.4747078203245991
        ],
        "stacking30_0.2": [
            29.925774400935122,
            0.1503954049013509,
            1.4747078203245991
        ],
        "stacking30_0.25": [
            29.921683226183514,
            0.15574058003905814,
            1.4561322854085352
        ],
        "stacking30_0.3": [
            29.921683226183514,
            0.15574058003905816,
            1.4561322854085352
        ],
        "stacking30_0.35": [
            29.921683226183514,
            0.15574058003905816,
            1.4561322854085352
        ],
        "stacking30_0.4": [
            29.921683226183514,
            0.15574058003905814,
            1.456132285408535
        ],
        "stacking30_0.45": [
            29.921683226183514,
            0.15574058003905816,
            1.456132285408535
        ],
        "stacking30_0.49": [
            29.921683226183514,
            0.15574058003905816,
            1.4561322854085352
        ]
    },
    "diversityavg_exp": {
        "stacking30_0": [
            29.936294564582116,
            0.14291565085397884,
            1.724761618042986
        ],
        "stacking30_0.05": [
            29.936294564582116,
            0.14291565085397884,
            1.724761618042986
        ],
        "stacking30_0.1": [
            29.934541203974288,
            0.14322710407255346,
            1.67110312715993
        ],
        "stacking30_0.15": [
            29.934541203974288,
            0.14322710407255346,
            1.67110312715993
        ],
        "stacking30_0.2": [
            29.934541203974288,
            0.14322710407255346,
            1.67110312715993
        ],
        "stacking30_0.25": [
            29.934541203974288,
            0.14322710407255348,
            1.6711031271599297
        ],
        "stacking30_0.3": [
            29.934541203974288,
            0.14322710407255348,
            1.6711031271599297
        ],
        "stacking30_0.35": [
            29.934541203974288,
            0.14322710407255346,
            1.67110312715993
        ],
        "stacking30_0.4": [
            29.934541203974288,
            0.14322710407255346,
            1.67110312715993
        ],
        "stacking30_0.45": [
            29.93132670952659,
            0.14542861903531373,
            1.5905921244635348
        ],
        "stacking30_0.49": [
            29.93132670952659,
            0.14542861903531373,
            1.5905921244635348
        ]
    }
}